Date,Rice ‐ (Kekulu white),Rice ‐ (Kekulu ‐ red),Rice ‐ (Samba),Rice ‐ (Nadu‐White),Rice ‐ (Nadu‐Red),Rice flour,Wheat flour,Kurakkan flour,Ulundu flour,Green gram,Gram,Maize,Cowpea,Bread (Normal),Biscuits,Buns/ Spunchi,Cake,Noodles/Pastra,Chicken,Beef,Pork,Mutton,Sausages / Meat balls,Kelavalla,Thalapath,Paraw,Balaya,Mullet,Seer,Mora,Salaya/ Sudaya,Hurulla,Kumbalawa/ Angila,Linna,Teppili/ Tilapiya/ Korali,Prawns,Sprats (dry),Katta (dry),Keerameen (dry),Balaya (dry),Hurulla (dry),Mora/Keelan (dry),Anguluwa (dry),Salaya (dry),Canned fish (Salmon),Maldives fish,Milk packets (liquid) & sterilized milk,Cow milk,Condensed milk,Milk powder,Infant milk powder,Yoghurt/ Moru,Cheese,Curd,Hen,Coconut (Nuts),Butter,Margarine,Coconut oil,Vegetable oil,Gingerly oil,Cadju nuts & Groundnuts,Banana ‐ Ambul,Banana ‐ Kolikuttu,Banana ‐ Seeni,Banana ‐ Anamalu,Papaw,Apple,Mangoes,Oranges,Pineapple,Water Melon,Dates,Brinjal,Sweet pumpkin,Long beans,Bandakka,Bitter gourd,Snake gourd,Polos,Ridge gourd,Ash plantain,Elabattu/Tibbatu,dambala,Cucumber/Kekiri,Plantain flower,Beans,Carrot,Cabbage,Beetroot,Leeks,Capsicum,Tomatoes,Radish,knol khol,Mukunuwenna,Gotukola,Sarana & Thampala,Katurumurunga,Kankun,cabbage leave,Potatoes,Jak and jak seeds,Mannioc,Bread fruit,Sweet Potatoes,Dhal ‐ Misoor,Red onions,Bombay onions,Garlic,Green chilies,Mushrooms,Soya meat,Papadam,Sugar,Jam,Ice‐cream,Chocolates,Juggery ,Treacle,Chilly powder ,Pepper,Dried chilies,Curry powder (Sarakku), Salt,Turmeric/Turmeric powder,Limes,Curry leaves ,Goraka ,Cinnamon ,Tamarind,Cumin & Panel seeds ,Mathe seeds ,Mustard,Ginger ,Coriander,Marmite/ Vegemite ,Soup cubes/ powder ,Sauce,Cereal flour like Triposha, Coffee powder/ seeds,Tea dust/ leaves ,Soft drinks,Fruit drinks/ Cordials,  Bottled water,Brent_USD,USD_LKR
2013-01-01,57.765030194478726,57.942358405985914,71.12788340007572,60.81049331355349,62.222272830866586,48.125393518518514,99.68368879431378,118.21558823529412,111.34343750000001,258.72526862119054,185.33736842105262,151.20825,254.0476903316486,58.822159090909096,381.6131180223285,22.28333333333333,200.0,210.1052579269557,412.42499879083675,449.0215015609199,402.77777777777777,1013.3340486596737,236.5,718.5288214285714,749.9192982456141,700.1495230789425,531.865119047619,585.282738095238,1062.2030669224212,586.4260935143288,188.74274879450087,317.5738927962489,436.7898351648351,322.7652556420086,287.2757936507937,794.6332858391609,478.0,922.9,593.7294117647058,611.3409090909091,450.0,885.936842105263,780.1999999999999,406.50714285714287,235.84075757575755,183.590238095238,30.0,65.59535714285714,185.4240909090909,313.86779980253664,409.53308823529414,30.0,296.0,185.1518181818182,13.619983580426517,39.17572487787239,283.8101604278075,165.5681818181818,190.17025459260682,450.0,525.0271577380952,1145.0,69.1599398395722,120.32316193610312,65.87095238095237,85.36131299734747,62.99131334351922,41.37236842105263,34.71916044372294,42.153451387322356,106.80849016732792,69.3228125,290.0,154.81727272727272,80.36545454545454,131.56380952380954,116.43818181818182,149.35545454545456,105.82818181818183,60.0,127.82000000000001,108.32181818181816,140.0,142.02,84.1255238095238,100.0,182.12454545454545,188.05090909090913,116.31999999999998,158.5495238095238,153.82363636363635,253.46190476190475,134.0490909090909,87.63714285714285,133.95200000000003,19.22794939187796,17.239242424242427,23.610518118245388,20.373761904761903,19.345777417027417,94.0325,110.66240578825531,87.72416666666668,51.96040241518916,63.62018518518519,84.81702111613876,145.97793124198333,173.54420809010966,100.359450204385,238.79999999999995,33.20977272727273,261.94333333333327,53.43642857142857,433.68197368421056,103.61414148422242,244.0681818181818,230.0,40.0,299.09050836894585,321.95375,374.594215698095,1383.1619047619047,222.32593083108043,436.14775224775224,34.1393731737013,683.5022727272726,211.02500000000006,120.08684210526314,352.7142857142857,1672.3690476190473,233.0886363636364,517.5147727272727,243.4181818181818,288.6431818181818,361.33181818181816,262.19090909090903,230.0,216.0,260.0,54.393636363636354,114.98605263157893,78.10625000000002,40.0,427.0531674208145,40.0,112.96,126.8535809523809
2013-02-01,56.61795413279893,57.20795960238853,71.33927644727513,60.17367647058823,60.83979285334549,48.27357668566002,98.93938841238975,133.62972222222223,111.46088235294118,272.7346876247275,177.34264990220152,146.4831818181818,249.1258038962614,58.96728609625668,385.76819178628386,22.3489979338843,200.0,210.91210060407428,417.2585129978584,454.7111928104575,498.3854166666667,1015.8483962912087,236.5,708.1339602693421,725.989786014911,693.5243022281377,514.1033076923077,617.9436096028155,1031.1487794612794,557.3925035612535,182.38811082766438,330.01459450830146,422.2008219954649,322.7652556420086,295.0185185185185,761.233143939394,680.4,927.3,709.1433333333333,656.885,450.0,885.1924999999999,773.1999999999999,529.4625,237.11684523809524,183.66047619047617,30.0,65.59535714285714,189.06045454545455,313.29612554112555,413.45238095238096,30.0,296.0,184.8217857142857,16.379805373538307,39.37219602815136,293.74750735294117,165.0,189.58405934343435,450.0,537.4484642857143,1145.0,68.00247899159662,119.3423183349586,65.9975,90.93225605413106,90.77175248993433,41.44295454545455,61.012440614940616,41.23336444805195,97.91467938311689,128.66666666666666,285.0,116.07388821868325,83.9490909090909,111.1751907101907,125.82744286017014,142.30627149877148,115.8194030620542,71.945,134.16702676626204,109.5939448222451,145.04,124.1494736842105,81.24965047275714,95.0,155.75,175.2327272727273,111.66636363636363,139.07545454545453,142.19626803148543,221.27842405729436,146.86545454545455,87.56190476190476,137.62823529411767,21.382855311355314,19.592354153782725,24.034542124542124,20.68,20.627597402597406,94.0325,100.61018995397305,85.71928571428573,52.89525691699605,62.17319444444445,92.18222934472935,146.8332843623168,148.22200187122053,97.07870405855836,246.37954545454545,38.72772727272727,264.4433333333334,54.62285714285714,442.0463763575606,101.07761396327305,245.0,230.0,40.0,301.42119467338216,321.95375,375.1307210031348,1393.5931818181816,237.5765282328345,432.9417540792541,34.1965,651.184090909091,146.60227272727275,124.91315789473683,336.75238095238086,1616.9818181818182,204.86590909090916,528.396590909091,239.19545454545457,289.1409090909092,365.0159090909091,260.8772727272727,230.0,216.0,260.0,54.840681818181814,115.0,79.6277380952381,40.0,427.0531674208145,40.0,116.05,126.7025888888889
2013-03-01,55.08319607843137,55.41679653864286,70.00239241139246,58.878624061166576,60.600225225225216,48.93523148148148,99.30564123376625,134.0,113.0,276.7357617353101,162.10066666666668,150.19,248.52762882775653,59.07379010695186,388.1479266347688,22.302764003673094,200.0,212.0639338235294,416.07912902661064,464.67270752111756,397.5694444444445,1031.1558753746253,236.5,691.2591076315583,718.0412927405132,667.8338529014845,504.02016214177974,595.5138980833981,987.913043797766,548.7366335978836,179.05010074663522,321.4451101653759,417.14559606481475,322.7652556420086,292.0092592592593,769.5071488957901,673.8,896.8,690.4650198326668,632.4583359169566,450.0,844.9027777777776,793.9414983164984,502.7868827509045,237.23595238095237,184.4432125271157,30.0,67.4165,189.06045454545455,312.17581746031743,408.5357142857143,30.0,296.0,188.97727272727272,15.347278971134967,42.01561773100405,293.0952380952381,165.0,195.23787097162096,450.0,543.28828125,1145.0,65.20808594316371,120.68753190164955,64.99357142857143,88.335625,104.15455620528896,42.083409090909086,66.93547453703704,43.46447948916409,101.79170006613757,107.3959375,290.0,103.36,91.17636363636363,110.53,114.2118181818182,133.87727272727273,103.03818181818183,56.945,119.39199999999998,102.13272727272728,106.09333333333332,110.02631578947368,72.12428571428572,80.0,143.53772727272727,156.8318181818182,101.31681818181819,140.37272727272727,131.62045454545455,195.76380952380953,123.09818181818181,86.59545454545456,121.02882352941175,22.205778508771928,19.504331065759636,23.955455259026685,21.26109523809524,21.333928571428572,94.0325,87.39594616289816,90.42851190476192,56.89361033852511,56.92857142857143,89.91930249428616,150.10322304440746,130.06915128106658,74.74112764550264,247.4971939059715,38.09136363636363,262.77666666666664,55.08763157894737,440.78516917293234,103.22858319835615,249.33333333333334,230.0,40.0,299.41045833333334,321.95375,375.6739057239057,1329.469641228337,236.7067905405406,433.30585016835016,34.075079004329005,664.0052646427647,125.79090909090911,129.76666666666665,326.46426639044364,1626.7048473456364,195.88968932302265,527.1647279026246,248.9614398497002,286.1385324832918,379.0212334382789,269.61625344352615,230.0,216.0,260.0,54.47595238095238,114.97058823529412,79.63077976190476,40.0,441.39204545454544,40.0,108.47,126.8149842105263
2013-04-01,54.33371867167919,54.81692708333333,68.60706552706554,57.714999999999996,60.32106481481482,49.16881578947368,98.97443181818181,137.05882352941177,115.14433333333334,288.2886458333333,173.22166666666666,157.93979166666668,241.5741477272727,58.910317460317465,388.359100877193,22.81962121212121,200.0,218.2615107212476,422.2085401002506,463.4483333333333,359.065,1068.1153125,216.0,686.1386111111111,703.5664285714286,660.1709649122806,525.0269404761905,585.5573039215685,988.4208333333333,546.8736842105263,184.02224999999999,342.35267543859646,397.801011904762,322.7652556420086,282.3947811447811,761.230875,610.8,921.9,693.815625,634.4952380952382,491.7676470588236,849.8174999999999,760.1700000000001,425.05,232.1120238095238,183.9025,30.0,65.15136363636363,190.0756818181818,313.65763347763345,406.8452380952381,29.666666666666668,296.0,184.52392857142857,14.492112193362193,42.31102918069585,299.82142857142856,165.4165909090909,195.0945238095238,450.0,531.0953571428571,1145.0,65.2446212121212,128.76,65.11603174603175,93.67924999999998,72.77809523809523,40.49547619047619,58.64958333333333,40.045909090909085,100.496,61.29394736842105,294.2727272727273,78.83772233845183,76.44181818181818,83.56636363636362,81.23636363636363,105.44871710871712,78.66741947719925,46.7965625,89.83047619047619,89.0918181818182,104.52,90.08736842105263,61.16704761904762,110.99866666666665,98.0170616883117,140.14504038577687,96.14643748423177,119.08,120.44168774545959,167.22113055272524,88.60722023599304,73.72569255688326,100.36414214321411,20.489202264239026,18.86409090909091,22.899285714285718,21.004473684210527,19.516060606060606,94.0325,83.21509189640767,83.795,50.39212121212122,59.5975,77.78975,157.90622123015874,137.02465544871797,79.56087301587301,248.56590909090912,28.549090909090907,260.5453125,55.841499999999996,439.18167481203,101.5648106060606,250.14575,230.0,40.0,311.19057692307695,321.95375,369.5920454545455,1282.4865079365077,229.62344696969697,430.95757575757574,33.984075,657.3159090909089,112.95909090909092,120.1736842105263,325.21507936507936,1576.4136363636362,245.43484848484852,521.944696969697,241.5734848484848,287.8015151515151,408.8159090909091,272.30606060606056,230.0,216.0,260.0,54.461818181818174,114.2697619047619,80.02444642857142,40.0,429.44444444444446,40.0,102.25,126.02996
2013-05-01,54.46508536645111,54.097182677469135,69.31889583333333,58.9496718648473,60.62053497942387,49.166666666666664,97.97712998035917,135.3245614035088,114.55882352941177,287.6565030864198,174.2682407407407,138.90617424242424,236.69745075757575,59.0740867003367,467.1869066605909,22.829166666666666,200.0,213.1119891640867,428.26313095238095,459.33861111111116,410.4866666666667,1088.5162222222223,216.99820512820514,761.043716931217,769.1145590828925,744.9747807017544,612.7623055555555,658.432,1081.0896210562414,608.6206286549707,218.7686208576998,360.91125595238094,509.66816111111115,322.7652556420086,292.7182539682539,789.6428265107213,615.4,902.8,673.4916666666666,635.6690476190478,497.05490196078426,829.6037037037038,715.0685185185187,399.064705882353,234.05912337662338,182.55198412698414,30.0,62.348636363636366,194.6212121212121,328.43497474747477,414.0238095238095,38.611111111111114,296.0,178.38235294117646,13.011968619729037,43.04565692746175,298.3928571428571,165.0,192.9728745791246,450.0,512.4925,1145.0,62.272460317460315,124.65523809523809,61.50198412698412,94.18254385964913,61.505303030303025,41.053333333333335,50.80303571428571,41.0034126984127,95.8945238095238,53.178916666666666,414.6677777777778,75.96030303030302,69.01575757575758,85.81545454545454,83.4651515151515,104.85866666666666,78.36606060606061,41.0,95.44253968253967,81.73939393939393,96.05116666666666,108.19611111111111,63.228739495798315,107.42592592592592,116.69166666666669,143.68621212121215,100.98378787878788,133.8945714285714,138.35090909090908,142.61904761904762,105.24833333333335,82.45809523809524,104.52233333333334,20.778888888888886,18.83022727272727,24.661794871794868,21.070526315789476,20.34363636363636,94.56070175438596,82.4270235339506,78.63833333333334,52.332045454545465,65.59966666666666,77.4046212121212,156.68776895943563,170.94570545795085,70.20787878787877,241.1704545454546,23.45371212121212,275.5729166666667,58.54761904761905,442.01149853801167,98.07027777777779,257.78409090909093,230.0,40.0,302.65195707070706,400.2915,369.5570707070708,1261.8325396825396,223.65904461279462,429.0062289562289,33.990916666666664,657.1174242424241,140.81666666666666,127.80789473684209,319.52142857142854,1602.9340909090909,203.79298245614035,526.064393939394,242.16060606060606,285.8833333333333,497.7603174603174,267.7469696969697,230.0,216.0,260.0,54.969696969696976,114.5,81.00916666666666,40.0,413.5576923076923,40.0,102.56,126.3067619047619
2013-06-01,55.386330869580476,54.278376330003255,70.02813517525811,59.739230861790965,61.66024401344646,49.375,97.95873134638568,134.94736842105263,114.71354166666667,276.7575615600064,163.6988888888889,140.9175974025974,231.51727813852813,58.82331457579914,389.59662413609783,23.006666666666664,200.0,216.69092105263158,430.6465714285714,464.5697368421053,421.67,1085.8889583333334,211.04935897435897,777.2256736052141,807.0525157178784,767.4485286584023,628.2770659597477,681.7217443987199,1145.1295481109967,628.8564067576348,258.9922046944064,399.68479738225886,482.41690123456794,322.7652556420086,308.11567824074075,806.4567402221037,598.9,923.4,698.6171052631578,683.9395833333334,485.83333333333337,839.1208333333333,698.5300925925925,398.5038461538462,236.70759259259262,178.5561616161616,30.0,67.520875,184.5075,317.94944444444445,403.63988095238096,30.0,296.0,183.17697916666665,15.732066392953312,41.11549046226677,296.1085144724557,166.6460984848485,193.86549623463716,450.0,521.0682222222223,1145.0,57.7885606060606,116.94,59.96954545454546,93.63407407407408,56.69479166666667,41.52323863636363,49.213518518518526,41.078472222222224,94.61284090909089,50.77548412698413,391.53666666666663,87.90075757575757,78.68075757575757,104.09303030303028,97.44863636363635,118.30522727272724,86.87166666666666,44.3178125,103.58047619047619,87.62571428571428,111.12483333333333,124.15215686274509,68.66042780748663,117.122,137.94325757575754,169.27613636363637,116.24371212121213,148.1168181818182,147.64560606060607,199.89761904761906,115.16027777777776,89.67984126984128,115.16633333333331,20.79047619047619,19.513560606060604,25.79504273504273,21.611842105263154,21.1330303030303,106.18509803921567,109.03080141855553,77.16284615384615,51.56916666666666,65.94560606060605,78.86833333333335,155.96922222993373,202.96075279951947,78.9007859060426,229.95606060606062,24.653560606060605,274.7058823529412,56.895916666666665,442.6594702032859,97.73325284740409,252.08333333333334,230.0,40.0,302.70290343915343,388.5590277777777,370.35667789001127,1294.4858585858585,225.01743106649482,425.65269360269355,34.033458333333336,657.9810606060606,165.65151515151516,124.38596491228068,322.3309523809524,1570.683712121212,229.8439393939394,517.5477272727273,236.07045454545457,282.56363636363636,492.09841269841274,267.3590909090909,230.0,216.0,260.0,54.96962121212121,114.65299999999999,81.1250992063492,40.0,449.8872549019608,40.0,102.92,127.8065
2013-07-01,56.18580252718691,55.37648445738835,69.06751679480563,59.615133240297716,62.12916569679728,49.78240740740741,97.74709707367796,139.69444444444446,123.88020833333333,269.6694977923646,168.91176470588235,147.21185064935065,229.97966786399905,59.04613636363636,480.122773790537,22.48407196969697,200.0,216.7720837476916,425.7732108134921,470.86631625856086,411.9791666666667,1095.9332852564103,214.33455882352942,745.2675412918541,779.3195071985112,756.7741077912647,560.2531727135298,679.0358669108668,1197.581400462963,630.5997015022016,232.86705226608188,368.6960981783414,483.88122002997,322.7652556420086,301.36597222222224,866.3516029657478,634.4,983.7,740.3726364522417,749.671106120511,466.2841666666667,897.6561403508771,736.5182355967079,419.41784391534395,236.74982954545453,177.6679677206851,30.0,67.03125,184.4318181818182,317.6672426014531,405.26785714285717,30.0,296.0,193.11264705882354,15.342462222694767,41.10951817388865,297.4285066833751,171.62878787878788,195.996891942484,450.0,553.7725071428572,1145.0,61.46495196324144,114.03696992811409,61.782878787878786,95.43451832907076,66.97065026697179,42.449887878787884,53.66685840245189,41.45189168064886,90.6847999252633,49.476349206349205,359.9039215686275,73.51056092843326,78.32240800865802,102.10792225662195,91.54702650081676,122.03365512491686,86.59296831955922,45.22666666666667,108.89787096118675,88.63042808743718,102.70920963984794,126.48185185185184,63.006355144880814,117.58031746031745,138.17970887522156,183.6484984331688,125.89824351728002,137.0811436579019,151.3328390491766,201.73337630656067,142.92222865553632,82.94043226250122,109.2252301407426,20.72642857142857,19.959470529470533,24.97606227106227,22.251468253968252,20.993896103896105,104.0337037037037,119.10379485794051,75.57076923076923,50.90280966345483,62.63657738095238,75.76086591199494,155.7236272033083,187.18838114936986,109.13442196201066,212.77982967380498,21.81676340287058,275.6122549019608,56.44444444444445,438.2261909983291,96.9208074515112,268.6363636363636,230.0,40.0,322.5386102092352,394.3178977272727,367.91738215488226,1256.8192400192397,223.16015528216678,422.4430093780015,34.174588235294124,664.5697594072594,170.48858486177565,130.7017543859649,328.03016551349884,1663.8796517809674,204.3222849614154,527.7001902988102,238.3402647526068,282.51598246735347,516.0505038809637,267.57031011268145,230.0,216.0,260.0,54.969696969696976,114.56666666666665,83.15730158730159,40.0,447.1079411764706,40.0,107.93,131.0099
2013-08-01,54.893619268098654,55.35132908624548,68.60728731878586,58.54990731785944,61.28228908965964,49.927083333333336,97.2303611473915,137.32833333333332,113.19444444444444,272.0181140286395,177.19598039215686,157.10666666666668,230.7119818240647,59.02272727272727,475.9698963317384,22.730757575757572,200.0,218.52420614035088,421.5501706057423,471.969470244238,480.15625,1126.0827946127947,216.04595588235293,710.0055616605616,765.6165208733065,728.4316397932171,531.0419708994709,669.9492176870748,1097.2235911680912,619.0202136752137,204.5356280193237,335.97293378462496,444.20268518518515,322.7652556420086,303.5869985569986,779.8220228174603,626.3,952.1,661.0181893427794,712.9106736972383,499.56505847953224,876.9630614999037,698.9584563428161,399.0330280830281,235.31613636363636,177.06070918060578,30.0,71.60714285714286,184.72222222222223,319.45266389384034,402.48363095238096,30.0,296.0,190.63822222222223,13.721050171770955,41.63259769850701,300.0,175.0,195.41958610139858,450.0,537.9435763888889,1145.0,64.89366026975054,117.43333333333332,64.85303030303031,91.5200267094017,70.01931818181818,41.586818181818174,58.87223589065255,41.80837454212455,95.43345215637459,49.94734126984126,355.7278431372549,80.11785702601492,72.46636337550264,102.5014728742338,84.83070152070151,113.28863271405743,85.77560841658345,46.596805555555555,102.94122405372404,93.0469161176556,94.90149281267286,113.81456140350879,64.02924802291471,106.68021164021164,141.71794888913615,156.60335694608423,112.71258775644645,103.85622064803883,132.61910320733244,137.7672051685688,93.40013921684375,73.26792284435142,94.61131971537236,20.520878248735393,19.681943208306844,24.565357142857142,21.76780477855478,19.802167302394576,100.75555555555555,120.7348888299201,79.62595238095238,52.968774760592936,57.080773809523805,70.13984642516344,156.35612043471497,172.3962293477889,127.57639498662417,192.56985766758493,17.32895873653459,283.85520833333334,54.77272727272727,440.4133212081129,100.73570862849273,269.7892156862745,230.0,40.0,319.7681386784512,339.6177083333333,365.0786778036779,1227.100541125541,218.50305188262425,421.9856060606061,34.411613992088064,662.1135498273657,240.5181818181818,133.81578947368422,333.46346469622324,1673.4842171717173,194.12620860408214,535.8844398162694,235.8133911895742,285.67981756660413,490.55910890636505,270.4416500044432,230.0,216.0,260.0,54.969696969696976,116.54166666666666,82.98662878787879,40.0,447.6470588235294,40.0,111.28,131.82826
2013-09-01,54.24211600487604,54.654049590284444,68.55055975384212,58.087317887490904,60.75329145261493,50.666666666666664,98.15184856630826,140.31872549019607,123.611,273.8010194143447,165.95541666666665,149.10763888888889,230.17361541005295,59.023809523809526,499.5305909976963,22.112525252525252,200.0,213.53107212475635,418.4085555555555,471.8789473684211,486.4490740740741,1112.8952469135802,211.23641544117646,707.0718691643324,756.474110470275,722.7915853889132,509.3860932400933,666.3191666666667,1064.5800100665265,582.4052314814815,193.63310501998,311.56121988370245,381.61088888888884,322.7652556420086,292.8025317460318,772.775204243247,641.6,953.3,642.8088888888888,690.681216931217,478.5043981481482,884.379475308642,714.1442810457517,403.1504273504274,235.00899531024527,173.1412121212121,30.0,70.89285714285714,187.75,319.2972222222222,410.6118640350877,38.611111111111114,296.0,182.41059523809525,14.199377005044965,43.32597698507,300.0,175.0,199.99130440348185,450.0,532.7166666666667,1145.0,67.74769841269843,115.7178947368421,66.2555357142857,87.8555902777778,69.38219576719578,42.78488095238095,65.01597222222222,42.70108333333333,98.0613492063492,55.219205043859645,381.27622549019605,74.7910606060606,74.93343434343433,94.23984848484848,80.74979797979799,104.80257575757577,82.0681313131313,45.74970833333333,100.24077777777778,85.19222222222223,90.84438596491226,109.70132352941177,65.2254329004329,109.49263157894735,126.19348484848484,125.28419191919191,98.46888888888888,90.12353535353535,108.81070707070704,110.7059126984127,98.90924242424244,74.3337037037037,84.3116111111111,20.715502645502646,21.218661616161615,25.64726851851852,21.8503216374269,19.524621212121215,92.39523809523811,116.86108738446765,89.26583333333333,51.31353535353535,52.37166666666666,65.55976190476191,154.63023333333334,173.12202546296297,114.31710000000001,197.37525252525256,16.315101010101014,287.94605654761904,55.0,440.5755777310924,101.32440000000001,270.2207602339181,230.0,40.0,326.92262645687646,449.54875000000004,372.62,1234.354419191919,214.91053333333326,428.35266666666666,34.95605263157895,669.7443181818181,439.62095959595956,137.4990740740741,337.4398148148148,1660.2986111111113,195.035582010582,530.587941919192,235.75833333333333,291.08901515151524,518.2156565656566,272.88888888888886,230.0,216.0,260.0,54.969696969696976,117.48333333333335,82.12299342105263,40.0,447.21354166666663,40.0,111.6,132.468965
2013-10-01,54.94193151147098,55.458173611111114,68.94746933621934,59.213725490196076,62.74894736842106,50.666666666666664,97.64571022727273,136.90656862745098,113.48019607843136,274.2582840909091,159.8273333333333,156.66641666666666,231.31021969696968,59.12106060606061,400.8393616617301,22.180916666666665,200.0,212.5391033138402,413.46808333333337,469.7161111111111,474.1666666666667,1130.8573148148148,215.75,729.72125,762.2557936507936,723.243425925926,509.3576666666666,650.2475,1058.8432352941177,592.6000877192982,186.58214285714286,313.3575555555555,380.0181296296296,322.7652556420086,296.23907783189037,794.3079027777778,608.8,910.9,588.0358333333334,670.8181818181818,466.2735294117647,887.7425,761.8666666666667,365.7358974358974,238.65468253968254,173.5594696969697,30.0,68.03571428571429,185.0,320.7090935672515,417.934,30.0,296.0,192.99966666666666,14.432609126984127,45.82439501531607,300.0,174.54545454545453,203.15102272727273,450.0,552.0830769230769,1145.0,66.78621212121212,119.67841269841271,65.89920634920634,87.17074074074074,67.18666666666667,42.82891666666667,44.13263020833333,39.91070175438597,98.74045454545454,58.33350877192982,317.5333333333334,75.4678787878788,71.72666666666667,100.85682539682537,83.78650793650795,112.48469696969696,78.6830303030303,44.930277777777775,100.48633333333333,86.2410606060606,93.24122807017545,101.35411764705883,63.69545454545454,121.63925925925926,125.995,118.47075757575757,87.96348484848484,84.555,109.36666666666666,113.65439393939393,109.78151515151514,72.86924242424243,89.40385964912281,20.96761904761905,19.17916666666667,24.235384615384614,21.52111111111111,20.559166666666666,106.01254901960786,110.45447420634922,86.90791666666667,50.55340909090909,60.19833333333334,64.13303030303031,155.66907986111113,186.07769999999996,102.84023333333333,205.1310606060606,16.174393939393937,287.6377777777777,55.0,440.04303571428574,100.61130000000001,274.76190476190476,230.0,40.0,303.4762683150183,437.868717948718,372.05066666666676,1224.9272727272728,213.15509999999995,428.53433333333334,34.66342105263158,658.3333333333333,507.6564393939395,130.74736842105264,333.70952380952383,1659.187878787879,200.4111111111111,520.3563492063493,243.25,296.54090909090905,517.2166666666667,298.84621212121215,230.0,216.0,260.0,54.96962121212121,117.92982456140352,81.58160317460317,40.0,448.6842105263158,40.0,109.08,131.0965523809524
2013-11-01,56.80351756986339,56.412773180309756,69.92196881073708,60.220563725490194,63.63622281510227,50.294117647058826,97.75245228256594,135.65686274509807,111.35927083333334,282.5590349990294,153.80022222222223,162.55625,248.02629545454545,59.37674242424243,400.9369699501279,22.57643269230769,200.0,212.48388645224168,411.66575,473.16842105263163,475.0833333333333,1140.1333333333332,216.45555555555558,698.8923316912973,752.5209738377102,698.3813176638176,493.2143253968253,606.5472138278388,981.2350480769231,568.4241915954416,166.9362237696514,296.96919607843137,343.5844892787524,322.7652556420086,299.460037037037,836.1602471532091,609.8,927.2,587.4825,626.1803030303031,452.3166666666667,889.506862745098,734.4166666666666,401.13974358974355,239.62542207792205,173.6826515151515,30.0,71.95833333333333,184.75,323.81406773438124,424.3645833333333,43.88157894736842,296.0,193.66071428571428,14.292858680380135,46.66845012438165,300.0,175.0,204.10954758748875,450.0,553.4130555555556,1145.0,64.99424242424243,131.1663333333333,62.01992063492063,85.77592592592593,55.64742424242424,39.53798412698412,31.220828664799253,39.89546296296297,100.00050000000002,58.47561403508771,322.81296296296296,76.99554502900399,71.708912507277,104.63903593141448,81.3573296126751,117.40610165569724,83.31419297504664,42.31045454545455,96.92772331544424,88.33753049980322,99.57323693139485,111.8437037037037,66.58245742122628,119.39033333333332,130.40332072677447,112.89318419489008,84.30658444070437,90.84167101638394,105.79790662756146,149.97098845598848,94.40896923783288,74.82088865326695,96.31998015873017,20.621428571428574,18.983181818181816,25.535833333333333,22.24372549019608,20.240454545454543,107.20479166666667,131.29296594655938,83.07125,49.31787878787879,67.8125,65.6668253968254,154.7360924828552,221.49998492699973,193.94116384797098,201.55303030303028,21.005378880099276,288.01979166666666,55.0,440.0625689223057,100.6127281746032,273.1818181818182,230.0,40.0,336.32124999999996,326.63964285714286,369.2902429467085,1233.093181818182,217.04179781621886,436.78638167388164,35.215175438596496,655.1840909090909,386.70980274669296,131.48333333333335,345.20952380952383,1688.0409090909093,227.44920634920635,527.1306818181818,242.84242424242424,289.73636363636365,478.85227272727275,322.4098484848485,230.0,216.0,260.0,55.0,117.77105263157895,83.40075396825395,40.0,451.47058823529414,40.0,107.79,131.0825428571428
2013-12-01,58.02653288289888,57.61590537977069,71.26993607756766,61.40823469631755,64.29576379974327,50.38461538461539,98.75671902233117,138.27941176470588,121.45833333333333,281.32470273022,152.0612222222222,157.604375,253.20262711465097,59.14746212121213,402.66604010025065,22.72799441786284,200.0,210.42222222222222,409.5853473806894,473.46088398132844,416.35416666666663,1147.6114015808753,221.3103174603175,704.3110816386677,737.6294187242798,712.3451178451179,509.0601388888889,621.6101803751804,990.5628605796795,580.3700925925925,168.34572552910052,317.9199111414901,399.97070185766614,322.7652556420086,296.78130125661374,800.0231481481482,580.6,916.3,611.9190077457265,623.4349891247741,489.0686274509804,914.3506931390978,706.0516313932982,406.3402292152292,241.11301587301588,173.13436507936507,30.0,69.28571428571429,184.73684210526315,324.2857142857143,429.3969298245614,46.61764705882353,296.0,196.41076923076923,14.801975709475709,46.95960351429759,300.0,175.0,216.00910173160176,450.0,549.3716666666667,1145.0,58.91612465849308,116.06078678678678,58.977539682539685,88.41149609687135,55.71564237522968,40.165924024526205,26.17283168995568,38.43398969862276,95.03386113065915,58.90368421052632,336.700350877193,72.35611420885877,68.58137376060601,95.96395268061458,79.41938912400278,118.25507431834524,79.91891263016262,43.74979166666667,95.2791977813666,84.09531982049769,99.46406446948113,107.31444444444445,62.36054530786674,113.46666666666665,130.95014315680507,106.01180981284539,75.62811239811239,93.40078431372548,97.45541458569517,169.1303319506664,71.45525134023332,73.33361878084568,96.28538309441421,20.909374084249084,18.801883394383395,24.647325174825177,21.59365384615385,20.828518703518704,102.45176470588235,122.34390455915673,84.56428571428572,47.46128581735724,62.18138095238096,62.44939397708498,154.7356204890434,219.99218276296074,124.6082320969552,206.2214656802892,20.775344823456603,282.44047619047615,54.85,442.3072817460318,101.92909125633345,274.2857142857143,230.0,40.0,331.7149358974359,436.7440476190476,366.32997076023395,1335.1990024468284,218.1302238846425,446.74390905623744,34.715126281888296,676.282154485726,283.952438989178,131.93611111111113,373.04105218855227,1593.0762041311914,252.25045351473926,547.1061561019501,256.1559349380778,298.4416056166056,478.6478626461517,353.7050238486199,230.0,216.0,260.0,54.968253968253975,117.6127777777778,83.77964494569758,40.0,455.84313725490193,40.0,110.76,130.82774
2014-01-01,61.08309027777778,61.25342209585932,74.62923609808576,65.22131158306105,66.25369838579715,50.208333333333336,96.63926803286805,136.07026315789474,109.97222222222223,285.0558009345708,155.32187099612088,202.90425,262.08387332334365,59.2829,403.60428849902536,22.568952569169962,227.42294434615638,212.606,417.2917708333334,466.73879756208703,465.3125,1145.7601461988306,219.39738562091503,720.4589949181254,765.0032557231,713.2323951925268,520.4143308080808,665.5095504680505,1088.3894657722738,571.1007341269842,175.8009201933124,326.46300545046745,399.178544494721,322.7652556420086,285.1860978835979,809.044343739784,520.7319630456349,896.4288579442034,629.7595860121062,614.6542489624248,486.1555555555555,892.7762604808707,697.6824955908289,385.7712979753305,245.8249347826087,1681.2995669894983,30.0,66.77083333333333,184.7826086956522,334.8918059739697,433.9130434782609,30.0,296.0,197.028,14.770776253751967,45.31891429075803,299.4047619047619,176.47648863764468,210.49168013761425,452.27204545454543,134.41125,1147.3738582209994,59.22608092174114,111.06229211788985,56.795144927536235,139.32991506544138,55.12606427174975,41.25161246376812,26.4298484848485,40.137898550724636,91.89213468086746,64.34791666666666,298.5047619047619,81.20257800511509,66.07706661600811,93.59067750677507,82.2215669358914,121.9707195071011,82.55738108077743,45.38933333333333,98.1674605654762,82.4892737852001,99.48259646676384,93.75962962962963,64.14939698019896,55.25730158730159,112.43536636247997,113.06103120181406,70.97971497109482,102.38926981618528,105.90405627505397,149.37066741435407,87.13885210038188,70.16110021786493,105.25986838161839,21.419710144927535,18.539331955922865,24.713250211327136,21.520455231043467,20.251857044470682,87.0911111111111,101.53371907357126,83.72305555555556,48.345928819444445,64.41139334521688,67.80265501691208,155.79966853463876,145.82738437491577,93.23638168745299,201.27802930402933,186.79803133672527,271.0779411764706,54.43478260869565,441.87227513227515,101.82198255411252,275.0,230.0,40.0,327.3833035714286,408.17167207792204,372.0657399299573,1363.3624199134201,218.2913359197713,460.79267887909197,34.70215087878022,670.3517272727274,149.52476811594198,125.0,398.0790009426504,1555.5651401788784,249.7957630960161,532.2089134451271,253.34121551724138,301.79007936507935,488.63886550836554,345.96756504287544,230.0,216.0,260.0,54.939933333333336,117.675,84.17424166666666,40.0,458.75,40.0,108.12,130.7293761904762
2014-02-01,63.613600398936164,63.9816835153374,77.02935108514798,67.31790184453229,68.7196380111658,50.55555555555556,96.48301427581427,133.61403508771932,109.8529411764706,293.62475463301365,160.91854768075135,204.2270208333333,255.3551899707329,59.27996666666667,403.41200657894734,22.53949494949495,205.26505195414762,213.34370833333335,414.74634057971014,469.3593975468976,471.75,1164.6255937921726,219.21875,717.300103689414,764.3175905571519,675.0667004064105,502.44435416666664,610.0343627450981,1011.5388887058996,560.8268658424909,164.51088916508394,315.6262096029547,393.11995635718677,330.65904310801034,291.0653472222222,784.2896652984696,508.40949080348986,915.1554401888961,664.0860397292029,646.24002860321,507.61626984126985,899.2637523943233,681.8413517286601,411.3199125003538,243.30098484848486,1657.5316734242008,30.0,69.0909090909091,185.43642857142856,345.5828728199099,440.75181159420293,30.0,296.0,194.76144444444446,14.320543791855641,44.11841690307936,300.0,178.27367033489702,219.11983630952383,450.0,136.3106,1163.8523414302447,59.25363254770086,108.87799033983093,54.53219696969697,136.64088966588966,58.58672751014198,40.65065695983177,36.875083333333336,40.44656650025602,95.8745885735433,73.90570175438596,291.44539682539687,81.62407407407407,68.71529309624148,91.75230821504077,88.0772258617846,124.5199064974065,80.36252928064843,42.90544444444445,103.2858721471765,82.57480019916048,98.80096050607732,86.25368421052632,66.3297595957146,51.82116666666667,106.15923196651967,110.05699531258273,66.84334521255182,95.75902999710523,100.91213888888889,145.11205661404912,81.89590845972363,64.55094884761445,91.96148887574354,21.243851495726496,18.549536713286713,24.160411255411255,21.64946314102564,20.209160006660003,93.85185185185186,92.83074135823608,85.02651515151514,47.83501465201465,55.405064935064935,69.65777151959948,159.00441339531613,111.56424979058183,75.84431731764613,206.32544816992433,165.6399521280525,278.8883333333333,55.0,446.3619781746032,101.38188010570822,275.0,230.0,40.0,333.389123015873,419.809117965368,373.41867114367113,1397.4959373433583,223.79032687338503,462.72772690272694,34.51175318083871,676.9946243386244,121.35763657874219,122.93650793650792,447.80781706871346,1552.753879015721,241.76942812203234,525.0738696891262,248.17483656573313,298.27205797101453,466.15665827228327,349.05687068965517,230.0,216.0,260.0,55.0,117.525,83.69229015700483,40.0,463.94736842105266,40.0,108.9,130.8204117647059
2014-03-01,63.58541666666666,62.532913218393595,77.63718583770032,67.72897549294558,69.5545025348,50.15277777777778,97.1409692199248,135.35078947368422,110.44117647058823,298.41856349205165,159.77434563021518,190.37585648148146,255.0138491523675,59.24686666666666,403.9274322169059,22.901939393939394,205.24,213.8556011351909,424.3001860516934,480.28608452950556,525.7291666666666,1164.627455877456,219.33333333333334,700.5728072390573,758.3973246442255,653.1252705219617,514.0040079365078,602.1154657477027,1047.942792397661,563.5909434682964,157.75742063492066,308.69064611314616,387.18442761315055,313.09704207767453,289.9464285714285,776.2703043263626,530.089969360178,898.3206998800749,657.1715476190477,665.5980790043291,478.98148148148147,900.725633528265,669.4069677871148,406.1541392622971,247.62287240537245,1697.0023880417907,30.0,72.8125,184.75,354.8143068107981,447.2817857142857,30.0,296.0,194.5359523809524,15.033973948397808,43.15067538198559,329.2013888888889,179.04987178697698,218.64255315315316,450.0,134.7597846153846,1167.4420907722229,59.079090302787776,103.94631301313628,57.22230158730159,130.89455742214363,68.38268046768047,41.99886639118457,56.209668367346936,42.87254319924827,93.94087270256627,68.05537037037035,283.72185185185185,70.4345199761479,65.9007824927011,88.47273397043843,87.97946922934229,121.3320529615733,79.38501874489438,44.401041666666664,100.29367843654961,82.90502024167985,87.33968685673803,88.76296296296294,66.58789202968009,52.76633333333334,100.78262415638193,104.04599163776183,68.29780759176657,89.92974011803797,93.31766835795511,135.91658570866363,76.77680396811442,64.89572471033868,90.45844611528821,21.3333021978022,18.5643520021645,23.916993006993007,21.401672818925142,20.143174533799534,87.7625,98.64677578519914,82.60965277777778,52.400014038509546,54.14696428571428,67.14585034013605,153.6318440268002,95.9660688405797,64.97800260497152,203.28287743957932,205.49167403439426,281.25,55.0,446.9120728291317,101.2348434397784,275.0,231.0,40.0,320.6189123376624,436.3067022792023,377.621270619142,1413.9807029926596,226.3156944444445,473.1031116452991,34.750203050917335,668.3699669895321,119.81386739737802,117.92334096109839,492.25372291127155,1622.499499782514,245.36583820662764,518.835166709979,241.9406047077922,296.0872159090909,496.35937767094015,360.55952618984145,230.0,216.0,260.0,55.0,117.95,87.42224747474746,41.87555555555556,465.46568627450984,40.0,107.48,130.6281761904762
2014-04-01,66.1369849537037,64.38542824074074,79.3049929284516,71.27746076251648,70.93579147059492,49.8,97.36255416900154,136.06578947368422,119.01970588235294,315.20272029630263,159.92700324196406,187.0962222222222,238.2033324845592,59.02308080808081,404.68500797448166,22.65421212121212,204.21410008879127,214.2920894607843,428.65079365079373,482.4470817566792,532.1875,1185.0434149184148,221.17857142857142,708.0687095280199,767.196844524675,658.3062898407635,523.4388939393939,607.1267249047249,998.2981912531912,571.6434567901235,162.02841248517888,313.5790904798228,390.3532184524767,316.3963543004979,289.75296296296295,794.1815584994329,515.0499999999998,931.5871212121214,624.5380952380951,682.8857142857144,469.7185185185185,906.3666666666667,669.2239583333334,420.74230769230775,244.75,1746.8878787878791,30.0,67.85714285714286,184.76190476190476,355.3724279835391,450.0,30.0,296.0,198.95822916666665,14.929630908713598,42.75596269582838,341.1845238095238,179.0266680678895,220.26785389957263,450.0,175.729375,1174.192022408203,59.29333555975111,111.65532106782105,59.10424242424242,129.97981597105974,66.91571337082405,42.878329551820734,42.583333333333336,42.96922605556955,95.50606626328218,63.215984848484844,219.43754385964908,83.77203335013247,67.37418465217115,85.0607882882883,83.07617866280656,119.94817204201755,83.96085171585173,47.96314814814815,100.60923099078342,83.13405336025764,95.02850613531464,99.56140350877192,64.27588954706641,53.272666666666666,113.22481335280727,108.88932061307024,69.226636151391,89.71823398563855,91.14861109511331,146.97951033336398,72.6754766143689,69.45485633803816,89.37148051948051,21.391835753532185,18.758041125541123,24.718979076479076,22.835206349206352,20.496103896103897,86.71215686274509,104.66782608695652,77.84487734487735,52.672533192613834,65.0461111111111,66.85602657393777,158.59446505425987,99.91014586867429,71.9374027859381,201.9190476190476,207.65530303030303,285.2859375,55.0,449.8812719298246,102.56286563552187,275.0,240.0,40.0,365.0071336996337,434.375,384.35407015695046,1458.186363636364,225.52366872710624,478.71449511986435,35.57769841269841,671.0090909090909,138.11135207174718,120.08947368421053,587.9966666666667,1706.5931818181818,228.36083333333335,518.376893939394,241.98106060606062,296.18787878787873,520.3761904761905,355.3424242424243,230.0,216.0,260.0,55.0,118.0,86.7996699134199,45.0,468.52950980392154,40.0,107.76,130.6221999999999
2014-05-01,65.2277199074074,61.66954792461888,78.34854635501968,70.38301044330777,69.49744427493856,50.589807692307694,97.96696609596918,135.0,110.83333333333333,313.8969724860626,160.69017164265466,175.62925925925927,231.541201754482,61.19637916666667,405.44258373205736,22.174749999999996,196.72066361858583,217.24421875,423.922274496337,483.7251282167088,529.6875,1185.0914404223229,219.5,762.1797863247864,754.9285661441307,730.8485949540656,572.7780596255595,628.1050042735043,987.0123886005715,638.1329519400352,190.95252174177463,317.0612477954145,503.20907842157845,321.7795734388981,303.05135802469135,922.3962657444894,520.3126629258422,921.1392904241618,659.3863979468599,686.4596930757415,481.9888888888889,911.6130616979981,688.7522486772485,399.2501892843998,241.58329365079365,1752.6688279857397,30.0,67.0,184.76190476190476,355.3639730639731,450.83333333333326,30.0,296.0,197.44411111111108,12.55418957860922,41.99260030864197,346.6071428571429,180.31912859493704,209.5215442621894,450.0,175.00045454545455,1159.634901627125,56.914325894412116,107.71522499747196,58.45142857142857,129.6009059278081,54.08405921964746,43.56828671328671,32.75889097744361,45.661081717714794,95.66849571577849,60.74570175438595,181.1221052631579,95.53763822788666,81.59545545139599,119.50707890582889,104.93004573730319,144.31540043290045,105.94780401199756,45.245098039215684,129.10857864357862,89.73414880512442,108.3442564362852,120.00039215686272,74.75145889206746,60.87258333333333,151.4715359831001,138.8416806169108,86.3904819771656,101.72520668772222,99.45059813394286,151.38889665653494,134.0191568748712,81.15683750548968,101.08343692158337,20.943104514533086,18.593529304029303,24.514772486772486,22.443649891774893,20.24764985014985,100.01722222222222,121.82861462322398,83.6529304029304,55.66113636363636,65.28315476190477,70.56192889041188,159.40577905510975,114.3806027777778,82.94315600692055,206.46390571209994,243.92373852568414,274.2647058823529,55.15904761904763,453.0164565826331,108.74226280018429,275.0,240.0,40.0,363.9875036630037,420.4716516122766,376.66993537863107,1456.5417613636362,215.00451281047825,477.4230032467533,35.7839700165426,667.5652455764116,181.7997248075054,126.14122807017543,615.4482840307842,1629.5467261904762,221.51400966183576,517.7563231530729,240.7469604101485,300.50398767898764,575.114962904001,354.192595793379,230.0,216.0,260.0,55.0,118.0,86.38538095238096,45.0,471.078431372549,40.0,109.54,130.4549736842105
2014-06-01,66.35276388888889,62.82043749999999,65.69519097222222,71.84226851851852,69.23666666666666,50.35416666666667,95.789417989418,135.0,111.51970588235294,313.7842916666666,158.48679687499998,166.11196493506495,226.06998955722642,61.037333333333336,405.82137161084535,22.294920634920636,196.72066361858583,216.56734374999996,423.0207083333333,488.625,525.835,1193.9463888888888,219.5,781.6115079365079,802.4077500000001,746.2927777777778,594.9154738562092,686.1008547008546,1078.98512345679,655.6820614035087,213.24758333333335,349.86083333333335,491.07544871794863,348.95713724070265,293.8425925925926,957.596140350877,534.6901515151515,926.2568181818183,646.7791666666667,730.9292499999999,490.4892156862745,911.5039682539682,711.5570175438597,419.95104166666664,245.34690079365078,1772.626515151515,30.0,69.35166666666666,187.4240909090909,355.11728395061726,449.0529545454546,30.0,296.0,201.96117647058824,12.150568783068785,39.99610555555556,355.23809523809524,182.77777777777777,218.5189682539682,450.0,182.76416666666668,1172.068271539664,54.22087301587302,107.26939393939392,57.49960317460318,129.55833333333334,48.11462121212121,43.44055555555556,26.50476851851852,47.3152380952381,95.04727272727273,67.70787037037037,172.63122807017544,122.91121212121212,107.35015873015871,139.8869696969697,124.41939393939393,170.91181818181818,130.06939393939393,43.49433333333334,147.13301587301586,101.8530303030303,119.50066666666666,156.73719298245615,84.61454545454546,62.65849999999999,159.93636363636364,194.50666666666666,131.78063492063495,140.58,125.54242424242425,199.26126984126984,180.17393939393935,105.97848484848485,132.05444444444444,20.93525,19.05578947368421,24.140588235294118,21.89794117647059,21.563333333333333,114.76666666666667,126.00414862914862,82.32642857142856,56.98022727272728,62.266,75.89912698412698,159.0558375,120.51583333333333,85.45518308080808,200.13174603174602,462.8098484848485,278.6105555555555,55.79380952380953,453.550712184874,107.86666666666669,275.0,240.0,40.0,366.74312499999996,410.212,379.16375000000005,1507.4598484848484,215.07799242424244,483.11750000000006,35.3305,680.5303030303031,192.51060606060605,123.61018518518517,633.2849206349206,1655.1909090909091,211.55,526.3712121212121,243.44166666666663,293.2651515151515,627.3991666666667,351.3212878787879,230.0,216.0,260.0,55.0,118.0,88.08500000000001,45.0,469.3137254901961,40.0,111.8,130.28733
2014-07-01,66.76761309523809,63.941453672066814,78.69899585989063,72.89955264240592,70.76629359961169,50.87489583333334,96.54196805709833,135.0,112.15696078431372,312.2963298160173,159.1838500777775,161.32947916666666,220.1820906124095,60.55154761904763,405.06379585326954,22.72780701754386,196.72066361858583,216.3230853174603,414.14482456140354,481.60283933518,519.375,1190.856412198912,222.58333333333331,781.577633667502,783.7762395104895,782.1553363250383,610.5984986772487,704.1935114885115,1028.0580862470863,667.5458134920634,210.2243398268398,369.6482072829131,516.2583581766039,376.34158598963296,301.9828935185185,938.2960988562091,522.4808659240821,944.5985404123336,673.7911054994388,760.1016222002635,483.80392156862746,907.575998225377,696.0825,420.63593073593074,243.90897186147185,1762.348851872765,30.0,71.145625,187.83714285714285,355.07828282828285,448.53170634920633,30.0,296.0,193.30588888888892,14.214455912640979,38.90980291604279,352.6136363636364,182.77777777777777,214.8350830481221,450.0,173.56683333333334,1161.379185305214,56.21375666127876,107.8465193105165,59.36333333333334,136.19019860347987,54.07701363161395,43.86587878787879,29.89915315916603,47.447631416202846,96.68621761089152,64.23611111111111,297.78000000000003,121.36824067009735,112.26295798898073,140.54704615277194,132.13075673587315,184.74650714876523,129.07588744588745,46.427395833333335,139.42926803044452,107.50308842252392,131.0427902719736,168.67791666666668,88.6510739124027,61.4255,162.46022946046202,213.46286473760162,149.75931553482633,169.00828808097256,137.45889594623637,250.27841878083157,195.12357317144185,105.86608092418437,136.1088986013986,21.896978021978022,20.518489447060876,25.82600857475857,22.586321913380736,21.138702131202134,125.97833333333332,140.8877936599833,86.51503968253968,56.483558949220715,59.23046875,82.74616000227842,160.20460223801228,98.86260802469134,90.02978418935282,207.8835485900002,631.2214285714286,283.105,55.0,452.85342731829576,103.55177084898924,275.0,240.0,40.0,349.38281012506013,411.418108974359,467.10169642857136,1552.2542494270438,210.60749773902478,483.94614906832294,35.752986604124416,687.3764952153111,190.71608552511915,121.56203703703703,678.4251015531661,1667.4619047619049,211.09699546485263,516.7186834906979,246.41578610783154,294.8840650291737,683.3358733791,350.95326391463766,230.0,216.0,260.0,55.0,118.0,88.02742063492063,45.0,467.54385964912274,40.0,106.77,130.2402727272727
2014-08-01,70.9966417820882,70.740068164089,79.89892894657862,76.01146914547776,74.73869641208283,50.92857142857143,96.02580459770114,135.0,114.92647058823529,303.64385397079104,158.00758163785383,168.89581196581196,213.14379109746636,62.1170634920635,405.82137161084535,22.949666666666666,193.08350958076028,220.45768440709614,417.6387301587302,487.0903685548294,518.2291666666667,1195.4526847662141,219.5,768.5285348381776,778.6363214285714,766.3543561449919,585.7010416666667,665.0369387755102,1105.640169683258,655.9251759678231,223.34796414112202,349.7103333333333,472.71458694083697,350.86884135047103,295.5491944444445,946.4750352597179,525.9242042271454,950.7500916213415,636.7370634920635,761.4535636093517,481.0235294117647,924.4251460840748,713.7657702020201,417.0518048128343,246.88869047619048,1794.996980571263,30.0,69.90722222222222,188.42105263157896,354.3518518518518,451.1507539682539,30.0,296.0,192.05588888888892,13.907202418616535,37.27259559104579,362.4431818181818,182.77777777777777,211.9626285331384,450.0,168.30583333333334,1154.9071173208977,65.36022005772004,116.46837442750487,64.06753968253967,149.4704307568438,72.52846898666051,44.25,41.355295251623374,46.03929455726682,107.83271483777166,57.25325,330.0,95.92104118104118,81.05916174734355,104.24297389561083,88.80647770531981,128.42021192597045,96.01774344001615,45.536071428571425,106.26766003713311,100.35619939621836,106.09593894009217,132.82925925925923,73.01578013256585,59.1665,134.89284992784994,136.09421582131475,126.97358394904217,118.946492836369,106.64420623397896,166.7363405863913,113.69656708333179,81.80606029573772,98.95633217659532,21.944989534275248,19.9583956043956,24.04869696969697,21.988060762766647,21.09101648351648,105.74222222222222,104.46483813737292,84.19575757575757,58.82921240576003,52.96364583333333,81.45227614490773,162.06883258128522,91.13462962962961,102.49368628834046,202.24352530683177,440.37580400629173,282.61718750000006,55.0,460.44885039805393,110.28849522005771,275.0,240.0,40.0,354.8611452991453,411.3545833333334,380.5061224489797,1605.2189616755795,216.58270875917935,489.6009679089027,35.94676323102185,684.1603974527886,192.15133689839573,122.91851851851851,677.4212922262922,1681.8016181758744,213.77217988644733,517.255942835799,253.20299858187786,295.9848274410774,681.9331818181819,350.3409314591133,230.0,216.0,266.6683333333333,57.38636363636363,118.0,88.74349206349206,45.0,469.561403508772,40.0,101.61,130.1885000000001
2014-09-01,75.57916476013509,76.91869866124424,84.177739256477,81.41442786408791,81.76332587183003,51.435769230769225,96.52800736851438,135.0,116.86274509803923,305.6687288362846,154.5982048910573,169.1882264957265,215.96454528113722,60.52722222222222,406.5789473684211,22.955135416666664,193.64014347658917,219.84861519607844,416.40534504710973,492.30029048656496,518.75,1207.3984090909091,219.5,771.469485519354,774.1126505376344,776.7772544719643,578.2001363636364,692.4751495726495,1049.750238095238,668.9641339869281,208.81421115921114,332.14388577653284,458.8429978632478,311.8134887631191,298.93191769547326,929.4854595819695,512.8652784951792,940.4546007969303,637.9770786092214,751.1494402269764,475.8794117647059,916.1026354895104,698.0119102103083,476.78087519098545,248.2875,1806.8314212197733,30.0,68.24055555555555,188.55263157894737,354.2348484848485,451.12852813852817,30.0,296.0,192.50033333333334,12.409345042921474,37.52366200446092,365.7954545454545,182.77777777777777,207.1844113487611,460.57053030303035,168.8334722222222,1163.0903250583588,66.09849508883157,120.11032112933592,64.98031746031747,149.3722816399287,80.22691538714909,42.818290023134765,48.775699786324786,44.213183082881365,109.95580257705257,57.60122807017543,295.5555555555556,91.89289462979197,70.66884845327411,95.41916495784916,79.65367962093998,111.00316066342943,86.36464318339318,45.57653846153846,98.44625747268604,93.95785059797443,94.33796356449741,118.5086274509804,67.48367890101777,56.73015873015871,126.05397700784061,110.58659991523628,102.5779288141302,101.06537363851318,104.46299663299664,122.98191945051855,81.9235069409488,76.66547494172494,86.03661866716214,20.676486132914704,21.059638932496075,23.830520833333335,23.127020038784746,20.496246253746254,104.95960784313723,95.11847926322162,85.04583333333333,56.9335750883577,53.156666666666666,77.37702510351967,163.14662553605666,95.77788011695905,93.0616693339814,205.19313666419478,210.8932046381131,292.6666666666667,55.0,465.17213972431074,105.81059019258464,279.6363636363636,240.0,40.0,364.0817985347985,410.64785714285716,384.2316152101867,1643.2053259871443,220.6489673930867,490.0698778195489,35.69969955300128,686.266113053613,180.95924043062197,128.94912280701755,678.3837068073105,1691.5875750431294,226.7053932178932,518.9203166990897,256.63973063973066,298.0036431400656,665.3329613773833,363.70250711134327,238.85364583333336,216.0,275.0,57.72727272727273,118.0,87.79749999999999,45.0,471.08333333333337,40.0,97.09,130.2605238095238
2014-10-01,76.39233256822541,79.23308531794261,84.96812925665604,81.0188067674975,83.09734189164745,51.880892857142854,96.36249767382292,135.0,125.0,297.15959885746565,153.105788864643,177.57375000000002,215.05469200027358,60.79738095238095,406.5789473684211,22.757069235588972,189.75792956272662,222.44203216374268,412.08099395313684,495.664941902687,499.1666666666667,1220.2408949220714,219.5,735.9960373155109,766.406505105402,735.9477696976227,532.5830112017612,619.3608518518519,948.8409828419353,636.2530793226382,188.3896865942029,311.9935363842507,424.34957407407404,271.04128035534893,297.16222222222217,933.2276041666667,515.1029217019812,945.6649187802792,592.5027936264112,737.909537219906,467.37604166666665,902.824355582689,709.9850905173619,464.2015923890924,254.29001526251525,1818.5563582251084,30.0,69.31333333333335,189.41176470588235,352.0555555555555,451.66666666666674,30.0,296.0,185.05229166666666,11.974654594091,38.405129766227475,362.5,182.66666666666666,204.06139569911326,469.37625,183.26923076923077,1189.004426175709,68.71277494331066,122.94740086206896,66.87813492063493,147.83438574293353,72.58817904939754,43.38735744816587,40.19326680672269,44.79707312406751,108.54089712187861,67.37013157894738,293.3333333333333,107.15721819256395,74.59501139255876,125.29962831179904,105.02001003368915,129.87801740523514,103.65818958818959,46.576323529411766,119.8927497194164,106.02537453513062,116.0207723944875,121.05087719298244,75.6868509150934,58.568809523809534,166.55612754063338,130.0992254327421,104.56136363636361,112.16927711956724,134.3789071566731,151.72352501852504,106.22635635084858,89.98427253905514,100.83740048957003,21.991594714809004,21.28914224664225,23.956177213309566,22.524777853725222,21.894683687524598,93.61074074074074,96.83433181167203,85.23138888888889,55.1848501036001,57.12888888888889,77.1364307451264,166.23570455122933,102.62619152046784,83.15241877913753,215.3667207792208,222.16238948967433,297.27722222222224,55.0,478.95158068783076,105.04860760451669,281.16666666666663,240.0,40.0,365.66352629513347,423.2706385975136,384.45374540918016,1677.3744227994225,224.18061397584125,504.692729782295,36.06198374562639,678.1867800677581,206.18373646937516,128.70185185185187,649.024192665572,1667.856349206349,225.75922865013777,513.6750831354549,262.78723797110894,298.5958197716262,547.3722052087539,371.1210100587818,260.0,216.0,275.0,58.40909090909091,118.0,88.89185606060605,45.0,472.33333333333337,40.0,87.43,130.5995
2014-11-01,77.59556504218884,82.77498418003566,85.5331078927783,80.83369525211633,85.72474652540441,52.2625,96.43179297155304,135.0,134.21052631578948,286.80961936683616,153.75737774594856,171.53833333333333,216.82165836203637,60.7344696969697,406.5789473684211,23.139720238095236,193.64014347658917,221.40183897243105,408.1062215909091,495.86292665214233,501.4583333333333,1226.740208419032,219.5,753.6682222970267,779.774125,738.9505655410313,572.7544444444444,602.5753249007936,916.6029255548374,615.2728056094234,185.9224727078477,318.8332142053852,411.28025055568787,268.4631032822636,279.0079365079365,991.5221282372597,520.4871476495157,951.7435154484723,628.0971818874513,714.1010500107088,503.93425925925925,914.7687257065912,739.6022348874322,394.7219392986615,252.78397727272727,1850.6502754820938,30.0,69.0,189.75,351.75,453.0681818181818,30.0,296.0,197.43447368421053,12.463037483432005,43.2505194121803,365.7954545454545,182.8111111111111,209.07916564916565,470.0,176.22423076923076,1189.84793631619,67.39479481870787,123.73945970695969,65.75734848484849,139.5036497493734,65.01257960712393,43.13085966870301,37.86399118470918,44.02809523809525,109.80004788689571,64.15008333333334,149.31508771929828,111.14434402553967,86.53662641377069,141.76744463479238,115.08176227403501,157.80056089915362,119.28996545927926,51.68981481481481,125.82602956567243,114.27121458001062,129.13092156862746,131.549,82.55281683548503,64.88545454545455,158.3644670020362,176.7859412594629,117.19593461791833,141.57518841007476,174.5896013370793,195.47957703583705,160.8584272511591,99.39562937062936,123.16636300897169,22.600182544727996,21.0671768707483,24.123851752822343,23.388174048174047,22.06982847839991,109.14627450980392,110.64955917558052,87.1265238095238,54.583634773522334,65.69407407407408,80.6326061795491,167.71807515144104,112.45716666666665,93.18905733155734,214.04960045089067,250.890131993689,300.34264705882356,55.0,483.1158839285714,106.551227182489,282.46590909090907,240.0,40.0,376.0217327724359,433.7481818181818,389.6423343411439,1719.4096073612377,236.8172391721182,525.6022802197803,35.876296706989244,694.3515189520623,243.66311046511626,124.30462962962963,644.5876408090119,1721.544664723597,218.52740837373523,517.8478963254623,274.8491312810411,301.1807006399398,554.5560499396437,383.1798149220844,267.87893939393945,216.0,275.0,58.86363636363637,118.0,88.33099206349206,45.0,478.271,40.0,79.44,130.9375578947369
2014-12-01,78.1509445520079,84.37073630059311,85.94181117923569,81.78685827298347,86.3828324175824,52.14583333333333,96.50428011041609,135.0,125.0,283.99132761900273,164.48246141617352,181.2847494172494,214.2497455341786,60.79113636363636,406.5789473684211,22.64973214285714,196.2778717232481,221.40183897243105,408.3329761904762,492.60950644154246,519.7916666666666,1233.6654278074866,219.5,768.0223053697233,810.0527043422733,771.7075221708117,602.6784788359787,621.3937511671335,968.163510929844,635.7184150326798,194.61968139730638,330.4244444444444,425.75709060547297,288.78525695487764,286.8405667789001,937.2889359233999,532.4,958.2,651.3,722.6,492.6,920.8,751.1,400.08816134437683,254.83130952380952,1823.0,30.0,69.73666666666668,189.0,345.16666666666663,449.4047619047619,30.0,296.0,189.53694444444443,13.462610588120457,46.539554797617846,372.5,182.77777777777777,215.44911059289038,470.0,186.78571428571428,1195.1235143013962,65.45567927170868,120.58666666666667,63.61087301587302,143.66833333333332,70.41840714840716,43.46838617265088,31.65921568627451,44.557448292448285,108.28420669831961,63.18981481481481,164.8963333333333,140.89252679231342,93.15036796536796,166.61757575757576,128.24444454440496,184.74999046421203,136.4798208805902,52.05588888888888,152.37706310110252,131.8510322322087,145.14543308371736,150.08771929824562,96.60378090636124,64.13349206349206,194.41988491076637,216.4025578384135,149.15557584464563,195.92666044195454,225.16890059101158,254.4251738255507,202.67093434343434,126.49096149464572,161.22572917112515,22.70955094905095,21.590458152958156,26.114628205128206,24.007768065268063,22.342007575757574,122.31607843137256,127.83173629900932,88.83829365079364,57.75433105565458,75.97000000000001,86.86443424391699,168.4679549387198,120.79205861817087,104.80844223484848,219.83371937768484,465.07173472292806,301.56354166666665,59.20454545454545,485.901992481203,106.67499311294765,283.09090909090907,240.0,40.0,394.45672222222225,426.21011784511785,398.5034896435517,1728.3982966309052,246.17224956283107,541.5055551242236,35.4765606060606,667.1006175889328,237.818955087964,132.89385964912282,649.6482399425287,1701.6587301587301,212.67669749605233,510.0904987285957,277.22619963050994,295.56051252042033,532.0047619047618,381.72016517964784,284.7616666666667,216.0,275.0,58.63636363636363,118.0,89.33385642135642,45.0,479.3652380952381,40.0,62.34,131.0215818181818
2015-01-01,74.87013333333333,83.39018333333331,87.99481666666665,79.37231884057971,86.51894927536232,58.046470588235294,97.14553333333333,141.7978947368421,126.02921568627453,280.22480823863634,161.05320471014494,192.34704545454548,221.15395652173913,59.363099999999996,391.2148057509582,22.569027777777777,194.59999999999997,215.54126893939394,427.1997,480.22742424242426,531.6666666666666,1212.2808771929824,219.15625,765.4926170798899,823.6002788461537,722.9896670104939,593.7097108843537,623.6610175414863,976.8039726478828,636.5480952380952,189.84617346938776,340.93820820864875,396.2912271062271,292.92,283.93932659932653,883.8390865173475,560.2381944444444,928.1590277777776,656.4566666666666,715.3015151515151,517.1675,946.8587301587302,736.969298245614,411.0858974358974,259.3747727272727,1850.1060606060605,30.0,84.39824074074073,197.57142857142858,345.32245532245537,446.4673913043478,28.833972190794086,296.0,192.08305555555555,14.900799999999998,48.12403181818181,362.18482492997197,183.32608695652175,215.2858555555556,470.0,291.56843137254907,1199.630797101449,68.81916666666667,221.26521739130436,67.64485507246377,211.73555555555558,89.85471014492754,41.96159722222222,38.90713888888888,43.87630434782609,110.12131944444444,85.40377192982456,151.59420289855072,215.98,112.32984,220.4994444444444,193.43666666666664,246.7970666666667,176.35226666666665,60.231759259259256,224.00793650793648,160.69866666666667,214.99754385964914,206.17333333333332,121.41198067632851,78.85430555555556,301.6602666666667,281.5453333333333,213.4572222222222,258.8182608695652,303.81226666666663,368.2344927536232,226.45786666666672,152.375,220.38888888888889,26.3768115942029,26.103738095238093,32.04480769230769,26.960588235294118,26.685454545454547,148.7974074074074,112.17135555555558,102.38,62.08291666666667,72.46272727272726,102.01763157894737,164.51853333333335,135.04176666666663,109.81662037037037,220.04930555555558,748.4466666666667,611.2735294117647,57.510486111111106,484.2075847763348,99.3692,279.5869565217391,240.0,40.0,342.1108194444444,421.7267222222222,411.78541666666666,1725.7593333333334,258.76583666666664,545.189236111111,37.31681818181818,695.9633333333334,228.79933333333332,141.66583333333332,647.9652173913042,1921.1763888888888,226.69444444444449,527.5953333333332,290.7313333333333,302.03066666666666,514.8260869565216,395.06800000000004,230.0,216.0,260.0,58.395763888888894,117.57894736842105,89.606425,45.0,485.60194444444437,40.0,47.76,131.5507526315789
2015-02-01,72.9787829861111,79.66535,88.91273333333335,77.73347826086957,83.2231884057971,52.5234375,87.06766666666667,135.0,123.31666666666666,270.63075757575757,160.62655797101448,189.43120535714286,222.010375,54.5792,391.9397006337637,21.332916666666666,189.41222222222223,219.44098214285714,428.63329999999996,488.29545454545456,550.0,1233.796388888889,218.4821428571429,738.4421833239226,798.8550694444444,696.4807713728767,553.0038531746033,595.7308296130952,968.2122189153439,629.5791923436041,180.6473795283664,347.9603571428571,395.293280075188,282.63,284.02025252525254,870.4884947876939,509.8521739130434,941.0456521739129,599.9975,706.8261904761905,528.953125,922.1666666666665,753.4235294117645,378.1636363636364,240.11742424242425,1806.7340909090908,30.0,82.5,195.58714285714285,317.035462962963,447.453125,28.073687862857167,296.0,190.6663333333333,14.793633333333332,46.377201262626265,358.5267857142857,183.8068181818182,212.13037777777777,470.0,215.92884615384614,1210.7975691699605,67.8334,220.94386363636363,66.77565217391304,215.49176470588233,110.47086956521738,40.51108695652174,66.53772727272727,41.363181818181815,109.87217391304348,100.74949999999998,169.73199999999997,124.38719999999999,130.81146666666666,165.96916666666667,170.36613333333332,197.76166666666668,147.78613333333334,60.694666666666656,181.65142857142857,147.19813333333335,167.3463492063492,178.50185185185188,112.11956521739128,68.89603174603174,259.4544,222.15893333333332,155.0688888888889,179.2034782608696,252.6109333333333,299.9110144927536,258.18666666666667,104.39444444444443,180.92444444444445,26.022424242424243,24.595238095238095,30.058737373737372,26.34375,26.30659090909091,124.42714285714285,91.24185,101.13636363636364,70.25369565217392,76.94416666666667,98.06947368421052,166.21613333333332,116.48106666666666,84.27040242165242,212.94861111111112,443.79799999999994,614.214705882353,59.25369565217392,490.8799809014516,87.44296666666668,282.5326086956522,240.0,40.0,301.7659523809524,435.60523809523806,411.59375000000006,1754.3899999999996,258.7191666666667,536.2663194444444,36.966136363636366,687.3173333333332,147.03466666666668,146.49122807017542,633.2249999999999,1985.4083333333333,225.71363636363634,528.1069333333334,290.99399999999997,310.564,450.03409090909093,365.9600000000001,230.0,216.0,260.0,58.875,117.90722222222222,90.520625,45.0,486.64235294117645,40.0,58.1,132.7292823529412
2015-03-01,70.64608333333332,76.842725,89.73640833333334,76.73934782608696,81.304384057971,56.14578125,84.86103333333332,133.75,113.5,263.97074305555554,165.39343253968252,186.23106060606062,219.18083333333334,54.42679999999999,413.49445662768034,21.28,186.76,209.8625992063492,430.9288888888889,496.060606060606,483.75,1249.5370370370372,206.65,748.9077904040404,804.050753968254,700.3425269455607,579.0369038600288,618.2160476190477,973.3258736515202,618.3506578947369,186.23762026017462,356.09036461927764,397.77089102906007,275.21,273.49404761904765,880.9515211640212,541.904347826087,912.0666666666666,620.4736507936508,729.3946969696971,518.1666666666666,930.1579365079364,718.6119047619047,398.97058823529414,238.7421497584541,1748.8043478260872,30.0,85.0,194.3348484848485,309.22400966183574,448.9,28.00174668725949,296.0,192.79166666666669,14.747649999999998,49.18014166666666,350.0473484848485,185.26041666666666,209.28650000000002,470.0,234.91319444444446,1193.2434178743963,65.46659999999999,173.00066666666666,66.15942028985508,124.4438095238095,113.9861111111111,40.38895833333334,102.5787037037037,41.97463768115942,109.78472222222223,96.87301587301586,171.47826086956525,103.91333333333333,123.70805555555556,136.06693333333334,109.49999999999999,154.8712,118.66586666666666,60.625,136.65151515151513,133.15999999999997,134.9163333333333,143.99933333333334,83.50595907928388,63.26375000000001,176.05306666666667,158.40026666666665,124.98638888888887,127.97194444444443,177.6666666666667,236.0286956521739,131.33333333333331,87.5072463768116,128.94966666666667,25.46212121212121,24.396904761904757,28.64057843137255,26.688596491228072,25.06439393939394,113.73913043478261,100.1053,103.83333333333334,58.46666666666667,94.86363636363636,88.65942028985508,167.65963333333332,106.62938333333334,87.04914173789174,221.966,258.2673333333334,598.3315789473684,58.58333333333332,446.4353002070393,92.35326666666666,285.30434782608694,240.0,40.0,353.15035947712414,441.71541666666667,413.38159722222224,1719.3340000000003,251.141,532.3884057971014,35.86231884057971,677.6659999999998,150.232,153.66666666666666,626.8055555555555,1890.138888888889,229.02777777777774,523.8666666666667,297.0673333333333,323.9666666666667,441.1231884057971,349.26666666666665,230.0,216.0,260.0,59.15333333333333,116.27272727272727,91.59805555555556,45.0,471.30434782608694,40.0,55.89,132.8989523809524
2015-04-01,69.20484126984127,74.73412265512266,87.82306998556999,74.84186016004197,79.67919973544973,51.733333333333334,84.79885714285714,133.68421052631578,120.17156862745097,256.85789210789216,161.2524981962482,191.3598484848485,219.8684659090909,52.70666666666666,376.2171052631579,21.381944444444443,182.24888888888893,216.60898169336383,434.68201754385956,469.84848484848493,544.4444444444445,1182.0833333333335,229.3622291021672,752.9427356269463,813.6277302943969,696.6612390135117,620.5906111432428,602.7281347125097,1011.6533621991895,665.4596726190478,187.58505705701853,366.33369408369407,406.0164666051092,293.37,275.01984126984127,892.5118141407203,538.0227272727273,940.7708333333334,606.5873015873016,727.6349206349207,523.4722222222222,928.1416666666667,714.5833333333333,385.4666666666667,234.56628787878788,1746.0227272727273,30.0,83.82575757575756,198.4878787878788,308.06102693602696,448.47222222222223,28.87841506260095,296.0,194.1435185185185,14.7046746031746,53.15218023924546,355.4563492063492,185.7608695652174,218.64825396825398,470.0,274.0350877192982,1199.8290307971015,67.03125,185.22916666666669,66.96969696969698,133.0456140350877,102.5144927536232,41.33333333333333,43.89699074074074,42.51136363636364,111.39492753623188,77.00757575757574,170.8695652173913,87.95,94.4023188405797,110.15277777777776,91.6032463768116,132.67805555555555,100.49422222222223,51.52777777777777,115.6,110.46555555555555,112.85087719298247,126.9437037037037,73.8142803030303,60.91304347826087,136.06222222222223,159.4375,106.73565217391305,111.308115942029,169.73611111111111,177.53066666666666,116.0486111111111,80.79545454545455,118.06175438596493,25.634920634920633,24.533333333333335,28.415359477124184,26.289473684210527,24.682539682539684,109.39772727272725,103.06452380952382,95.27083333333333,59.923611111111114,68.45833333333333,83.8560606060606,168.42015873015873,100.09737734487733,88.11372655122656,222.99999999999997,207.54513888888886,563.857894736842,58.95652173913044,487.95772854596385,82.99143518518517,286.5,250.0,40.0,318.046875,445.72916666666663,692.6792150524161,1740.9722222222226,254.90833333333333,529.8295454545455,36.225,675.9722222222222,206.62847222222223,143.91666666666666,636.4855072463768,1840.6391304347826,239.16666666666663,519.3854166666666,298.71527777777777,331.9375,414.0909090909091,341.77083333333337,230.0,216.0,260.0,59.375,116.06349206349205,91.08967391304348,45.0,463.00724637681157,40.0,59.52,132.8992578947369
2015-05-01,68.22601515151514,72.6130707070707,87.6661406926407,73.65022622053873,79.48306727994226,51.513888888888886,84.50273333333331,138.08341666666666,117.76041666666667,247.28810425685424,161.7647497704316,198.81655092592595,235.06420454545452,52.80666666666666,351.01456292245774,21.534722222222218,185.05666666666673,214.7295321637427,439.6382456140351,485.5681818181818,625.0,1287.7450980392157,232.2177494517544,798.735904499541,836.6139329805998,750.2793591630937,661.8214195526696,669.7820216049382,1078.3494138306291,655.71331738437,208.88803178360632,394.5396825396826,465.6205183096631,325.93,292.91468253968253,924.5549112577854,538.7878787878788,950.5548611111111,648.095238095238,737.6515151515151,548.3796296296296,945.5166666666668,722.425,440.60755555555556,235.89484126984127,1804.4444444444448,30.0,86.8015873015873,217.21228070175437,326.44802188552194,422.6388888888889,29.21829794868543,296.0,184.7543859649123,14.682472222222223,51.16930531505531,354.1592261904762,224.18478260869566,216.98722222222221,470.0,291.6203703703703,1213.5486111111113,63.7463768115942,182.63257575757578,64.23007936507936,151.90066666666667,86.19047619047619,49.00757575757576,46.53541666666666,41.020833333333336,103.24603174603176,69.43261904761904,206.91304347826082,96.59972222222223,90.40333333333335,117.25138888888888,103.08583333333333,140.09420289855072,108.1240579710145,49.166666666666664,113.44631578947366,106.93478260869566,112.97533333333334,145.68627450980395,76.87685383244207,58.41289855072464,157.91652173913045,180.37638888888887,108.50028985507248,141.31536231884056,170.81638888888884,180.77536231884056,108.3886111111111,97.93939393939394,128.94156862745098,24.571428571428573,25.92166666666667,28.0153125,26.035087719298247,24.098484848484848,117.25333333333333,113.65981240981242,92.48148148148148,59.64015151515151,115.23809523809526,83.75757575757575,183.83077994227995,119.14352525252527,114.85837121212123,226.87361111111113,196.4993055555556,542.5447368421053,60.166666666666664,466.08082706766925,82.77984848484849,295.90909090909093,250.0,40.0,306.13526143790847,418.0805555555555,403.90323691460054,1758.8541666666665,256.6317099567099,522.0129870129871,37.845454545454544,702.1527777777776,236.73611111111114,151.8421052631579,713.7688405797103,1969.6014492753625,217.42424242424244,527.4652777777777,329.65902777777774,319.89583333333337,431.344696969697,339.7013888888889,230.0,216.0,260.0,59.020833333333336,111.9,92.76449275362319,45.0,440.0984848484848,40.0,64.08,133.4960263157895
2015-06-01,67.66712121212119,71.80785858585858,88.52140115440118,72.82265840220386,78.66238471673253,51.33683712121212,84.38611111111112,135.0,124.0,242.54017255892256,173.33333333333334,277.4032589285714,222.4900396825397,52.54666666666666,378.1984384269853,21.034930555555558,185.05666666666673,219.72261775362318,434.21506944444445,490.75772727272727,562.5,1233.7966666666666,218.99523809523808,805.5736176702086,844.8837141694285,766.8963267125032,677.0128066378065,657.0841224747476,1137.9733918178772,708.0718954248367,209.2570204101454,414.9734110840218,478.67746373996374,367.76,308.7138276185895,935.5568221030177,490.6765151515151,927.5277777777778,630.5226315789473,725.3166666666668,509.16666666666663,1216.2666666666667,729.0703703703703,395.89404761904757,234.18568181818182,1748.1386363636364,30.0,96.13636363636364,194.84975,315.8567251461988,452.0833333333333,29.51422474271307,296.0,178.76142857142855,14.690251443001445,48.42791354016355,351.30952380952385,200.1904761904762,216.83393939393937,470.0,239.16607142857143,1286.785634920635,65.32953333333332,209.52898550724638,64.51381944444445,128.2821052631579,118.18811594202897,42.74268115942029,86.66434523809525,42.405227272727274,111.64862318840578,94.04175000000001,218.52999999999997,97.2008,125.11493333333333,135.95749999999998,112.81786666666665,163.576,120.09013333333334,61.87509259259259,133.5909090909091,131.91039999999998,135.515873015873,147.94592592592593,80.26976449275361,61.60681818181819,182.16693333333333,156.84586666666667,120.94083333333333,123.87777777777778,179.42533333333333,248.29333333333332,129.48693333333335,89.71555555555555,129.58701754385964,25.11348484848485,23.9684126984127,28.965249999999997,25.9634375,24.148260869565217,112.94039215686274,122.42008297258299,99.44500000000001,69.1066,69.64777777777778,90.75357142857142,190.17148484848488,142.2225598845599,110.21881313131314,221.40466666666666,242.2973333333333,606.771875,59.763749999999995,492.8646952259164,82.37954545454544,282.67045454545456,250.0,40.0,333.6308608058608,462.9345138888889,414.452479338843,1727.1246666666666,261.62030303030303,534.4366391184574,36.4925,676.8013333333333,137.79533333333336,146.66666666666666,629.7513888888888,1880.229861111111,237.80555555555554,521.1199444444445,309.6980000000001,323.1286666666666,426.7340579710145,346.232,230.0,216.0,260.0,59.2866,118.0,91.63642814009663,45.0,468.77777777777777,40.0,61.48,133.8952238095238
2015-07-01,64.94799214975845,70.50511188271605,88.55234553775745,71.10688405797102,77.76328502415458,52.0,84.46944444444445,131.00000000000003,119.67569444444445,236.3197601010101,158.79858682983684,189.6123236832612,236.7514876984127,53.18666666666667,392.058324622614,21.713996666666663,184.59,216.01399341356102,448.3685504347826,546.4147426647427,587.5,1374.655215643275,225.70749007936507,815.3669711468756,874.5377934466351,773.1744343891403,668.2214912280702,649.408840388007,1208.7083333333333,742.0866013071895,209.56338763575607,413.65034722222225,466.3342086834734,359.51847619047624,293.4035218253968,922.9965034965035,509.4532015810276,1023.155031884058,673.8333106060606,738.3650865800865,504.1170138888889,932.6045454545455,694.3976844070961,422.56355661881975,224.89271362695274,1731.3869765840218,30.0,86.86944444444444,217.70365631469977,335.82761703703704,451.74596920289855,30.0,296.0,188.63999666666666,15.75034722222222,43.4773544973545,380.6038642729819,189.4837878787879,213.72916666666669,470.0,248.86026404151406,1222.528132364954,63.88419668350168,218.64328219696972,65.2849837123599,116.36666666666665,113.7661718126444,46.349305894483585,57.30503068500128,43.402471741221746,110.05685948330184,74.56070952380954,179.07518933333336,95.55058988075054,73.21546706542945,128.66317052782463,122.31686497590738,172.84660904734565,123.61580388618079,50.444039215686274,140.20944544935628,106.23912858529015,138.88611085478522,175.3108827176388,78.72829455712667,62.61863405619008,193.77276907001635,229.74521333333337,121.42451207729468,166.6510447385003,184.20231333333334,254.07467920106976,136.34766666666667,98.36364117364117,137.6763976608187,24.85671673254282,24.678138528138525,28.745765291806954,25.73344298245614,23.543970355731222,116.61772849749829,120.30153508771932,90.51254734848484,59.41536289855072,56.05993859649122,89.94698093058733,188.45648448773449,170.61288580246912,103.71136904761906,246.84027777777774,501.429798148148,615.0459602214091,58.50766968599033,504.5119968797436,80.28777777777779,291.04888285024157,250.0,40.0,348.21470644090977,421.67658650793646,412.4637681159421,1769.3951200000001,272.73333333333335,528.5144927536231,36.42610669191919,686.0918720000001,225.5539925925926,139.84753550543027,677.2317361111111,1835.781180555555,282.3392803030303,543.4248554666667,310.07461866666677,302.81719999999996,467.57606749311293,323.16101333333336,230.0,216.0,260.0,59.724333333333334,114.75740555555558,92.92768465277778,45.0,455.048408496732,40.0,56.56,133.6860045454545
2015-08-01,64.27583333333334,67.58833333333332,88.04222222222221,69.93840579710145,77.1545138888889,51.77777777777778,84.51,130.45238095238096,125.22222222222224,234.02888888888884,161.59375000000003,188.71212121212122,237.07214285714286,53.34,410.25789473684216,22.54,188.54111111111115,217.356884057971,450.5708874458874,555.3571428571429,662.5,1442.4074074074076,225.75794117647058,796.5733824146868,856.3928506268408,745.9759697357202,586.3712797619048,656.8064239681887,1198.1210993169198,674.8862433862433,237.7717951251647,386.2911179729361,464.08159722222223,342.37,300.56793396932284,869.3631872322949,600.2536231884058,1025.5555555555554,615.044513457557,753.2660455486542,522.7101449275362,934.0579710144926,725.2380952380952,442.3240740740741,229.6062047101449,1767.2537878787878,30.0,81.94444444444446,207.17391304347825,315.02421052631576,451.5972222222222,30.0,296.0,199.22619047619048,16.705083333333338,43.53166666666666,378.50267379679144,189.4,209.6225,470.0,241.79166666666666,1222.926001082251,65.86458333333333,173.9903581267217,65.85144927536233,118.14814814814817,96.7717391304348,49.03043478260869,73.39957264957265,43.9,114.1159420289855,66.61904761904762,142.2819047619048,103.36489898989898,78.82828282828281,119.8598484848485,106.68181818181819,152.51383399209487,111.91666666666664,55.800000000000004,122.69545454545455,107.84027777777776,122.19964349376112,161.1534090909091,76.62145262145263,63.4862258953168,170.36679292929293,185.5340909090909,112.13860342555994,127.67457180500661,151.75972222222222,195.55731225296444,124.17777777777776,96.17971014492753,118.74074074074072,24.621212121212125,23.840579710144926,29.525857843137256,25.949074074074076,23.224637681159425,116.79666666666667,116.34361111111112,93.69047619047618,62.361111111111114,59.614583333333336,88.85507246376812,187.95666666666668,131.33416666666665,116.34277777777777,249.78466666666674,420.30618686868695,606.4333814333814,59.01333333333333,505.4157647907648,78.47166666666668,295.8666666666667,250.0,40.0,325.0522875816994,414.14583333333337,409.80902777777777,1782.1833333333334,269.8,538.1770833333334,37.09027777777778,684.1333333333334,231.875,148.41269841269843,669.748263888889,1847.3958333333337,324.78472222222223,532.9666666666666,304.06666666666666,300.65000000000003,451.2878787878788,322.9966666666667,230.0,216.0,266.6683333333333,59.7,115.41304347826087,91.94666666666666,45.0,471.4583333333333,40.0,46.52,133.8829333333334
2015-09-01,63.121817129629626,65.10364583333332,89.01726851851852,69.02777777777777,76.11631944444444,52.0,84.12111111111112,134.99999999999997,129.125,230.35695684523807,168.98576388888887,184.1558641683744,240.270184481833,53.02430555555555,364.67391304347825,22.01543541914394,191.72999999999996,217.26050329450692,468.1105834704692,575.3055587188638,675.0,1368.8860829811758,219.99604503218703,795.7867881459778,851.7600913545493,749.1268832592846,568.1230158730158,669.7028882575758,1193.6097114723082,703.7647604588394,209.46346473892243,376.49390003935457,433.66036887089524,320.69,305.2832491582492,888.4211605659622,582.9515190241206,979.0046231857172,597.9625426319161,979.0,521.874934826527,979.4753219729663,748.2834610774382,449.80043157466037,235.47055641192986,1788.0542506205836,30.0,95.30435860305039,211.5480016920726,369.0127443812018,441.4424118636009,30.0,296.0,191.31543796561388,15.70946875,42.58305555555555,382.7588867293384,212.8,205.90333333333328,470.0,254.12631126287752,1246.6776737760733,65.9601032064725,200.46578291329692,66.56948133185718,168.7966144014943,85.90951424512187,52.138868375789365,77.45244197148276,43.84821964918127,121.79679209795935,52.01319860427945,172.8985507246377,101.13757654572363,78.95297858975056,108.70408177046977,97.85977598636133,142.34049379443283,109.08533299661379,55.87913026016936,120.31367666031247,109.19950247320742,117.54952578519725,152.2436387377661,76.37516036965435,61.58919073118236,160.7721920625632,153.96651438692365,105.31835123221674,104.39613657516539,117.05645235209505,139.6707940857359,98.15611092842225,89.94738761244844,113.99016216153544,24.669123529811397,23.682023139823663,28.248678133853975,24.690784403022818,22.52958979620708,114.11911391381088,114.93521167048056,98.93872755737429,59.93532636480135,64.45050513417449,86.65694116066096,188.88819444444445,112.41850048100048,114.01728279030911,273.1519091705586,274.4166923690793,606.743786058713,60.11111559323248,523.7507466004772,82.13000000000002,290.6448587554077,250.0,40.0,328.1965040861097,423.90144990918145,412.58680555555566,1733.4925947993747,285.7633333333334,535.5034722222224,37.107944490622465,660.5011341163927,243.61071939942704,313.67702393544994,627.6085506335369,1958.0910997509027,418.8460470963762,521.5378876613047,306.6619691076983,318.24846427777845,408.7477386419868,340.1693146921698,238.85364583333336,216.0,275.0,59.67640828238572,132.0701782117833,90.83133472709167,45.0,455.1104572330474,40.0,47.62,138.8769285714286
2015-10-01,65.38409391534393,66.84278032518165,90.16391653850533,71.2378354978355,76.18070707070707,55.05,84.20111111111112,134.99999999999997,129.125,229.2260740473174,165.22982109746113,195.73169191919192,247.56096681096682,53.06527777777777,405.01754385964915,22.66666666666667,191.72999999999996,216.99242424242425,468.59848484848493,561.0714285714286,583.3333333333334,1388.4803921568628,224.15,764.0057436679672,815.4175309399853,724.8788201395663,580.0380781975222,623.2826627801953,1049.7884220607436,633.7275891238717,190.21310676741595,308.75162612127485,417.57522915996134,296.52,292.982519640853,848.3001454599824,592.5694444444443,983.1999999999998,596.5217391304349,702.3263888888889,504.82500000000005,929.927536231884,737.9015151515154,433.97058823529414,227.3771739130435,1758.4848484848487,30.0,76.2962962962963,218.5144927536232,320.1425438596491,451.4409722222222,30.0,296.0,197.24999999999997,15.126990300495994,42.97211306731807,385.5135918003565,212.7,207.39153148320185,470.0,243.99122807017542,1256.9455555555555,69.10899312561243,205.10313707907497,66.72350456216824,149.2104254042168,74.59166666666665,44.33101851851851,61.54914192949908,42.08261183261184,116.29050925925925,64.05696576151122,172.8985507246377,98.71717171717174,83.92,121.4258585858586,108.58707070707071,167.28998316498317,114.20888888888891,66.88095238095238,138.79894179894177,108.65131313131313,117.40211640211642,149.60802469135808,83.89702581369248,67.18906455862978,171.7244444444445,141.7288888888889,105.375,103.93518518518516,113.04888888888888,171.9675925925926,119.28444444444445,95.68013468013469,116.94011544011543,24.976190476190474,23.51449275362319,27.70152505446623,25.96666666666667,23.090277777777775,111.61363636363635,118.13523182957394,101.88888888888887,58.94,70.37037037037037,85.8263888888889,187.28004318542042,129.7357031857032,118.40299094844549,260.2666666666667,361.23333333333335,614.9305555555555,60.7,491.6301390121267,91.0777777777778,311.5,250.0,40.0,348.5713208360267,437.1488095238095,436.32222222222225,1792.8333333333335,314.68666666666667,550.8722222222221,36.53260869565217,685.3333333333335,483.1444444444444,150.28985507246375,642.2222222222223,1843.263888888889,383.33333333333337,533.6,304.17999999999995,304.3066666666667,381.73913043478257,321.2666666666667,260.0,216.0,275.0,59.8,114.21739130434783,93.10152777777776,45.0,472.9375,40.0,48.43,140.8945
2015-11-01,66.83815972222223,67.26907617845117,92.14454575163398,74.10858585858587,78.55999999999999,61.97474747474747,84.02848484848484,134.99999999999997,129.125,227.8482804232804,168.7092338829471,205.0590909090909,252.96307798481712,52.989583333333336,357.0917293233083,22.7,192.64777777777772,218.1807888669302,458.43253968253964,572.1590909090909,583.3333333333334,1403.4313725490194,234.67420634920632,775.4901986317007,825.8070683284968,757.8241035591969,592.7010566188198,626.8016636141637,1099.2697801342758,652.7389326942898,197.81872782117603,341.30986384452774,396.7398302755446,294.7,295.88244949494947,842.7897949246719,614.3749999999999,975.8666666666668,629.1666666666667,704.6111111111111,538.4469696969697,947.9848484848486,721.2246376811595,433.4166666666667,228.78913043478263,1768.939393939394,30.0,83.8425925925926,217.4513888888889,323.72222222222223,451.64682539682536,30.642304416831323,296.0,198.8095238095238,14.891166666666663,44.77611322855888,389.96803069053703,213.0,207.9935515873016,470.0,237.53968253968256,1377.5754830917874,63.96666666666667,201.21527777777777,63.97727272727272,223.46060606060607,71.26565656565657,42.25210437710438,41.41083630421866,41.65469916556873,109.55324074074075,63.44889369889371,168.21333333333337,138.90444444444447,98.90666666666668,197.08747474747474,138.74444444444444,233.5277777777778,148.46285714285713,60.25476190476191,151.99735449735448,121.19333333333334,149.9074074074074,185.4713403880071,97.17282033586383,69.17766955266956,250.56686868686864,238.9111111111111,169.15046296296296,160.63888888888889,169.31111111111113,299.94823232323233,169.99191919191915,135.30714886964887,160.4973418394471,25.432900432900432,25.030020703933747,30.50190631808279,26.296491228070174,24.607936507936504,134.5929292929293,135.71483615921116,104.42549019607844,60.059047619047625,86.42857142857143,87.00694444444446,188.14156373517784,158.95704064454065,147.74073555348065,259.03333333333336,737.5777777777778,606.4097222222222,61.145833333333336,559.7607754564276,94.99,309.93333333333334,250.0,40.0,343.24782135076254,464.22115384615387,430.0675505050506,1779.1000000000004,332.02,542.0486111111111,36.30797101449275,672.6666666666666,605.0454545454546,150.75757575757575,648.9583333333335,1875.2083333333335,384.93055555555554,535.2333333333332,306.59999999999997,309.00000000000006,368.58695652173924,339.13333333333327,267.87893939393945,222.42904761904762,275.0,59.76666666666667,132.56521739130434,92.98888888888888,45.0,478.17391304347825,40.0,44.27,142.0247631578947
2015-12-01,68.05933967652717,69.24437171964746,91.60544889892716,75.39287878787879,80.27604166666666,52.01315789473684,84.46931269213879,134.624578973342,129.125,225.05031996988518,168.0146678090428,293.00757575757575,248.38068181818178,53.052083333333336,388.30639131161234,22.459866666666667,192.64777777777772,217.98958333333331,448.2465277777778,587.8598484848485,681.25,1421.5686274509803,227.1348976608187,785.9396280991735,815.4391053391053,775.1204006046863,596.2468787878788,617.5181954887219,1111.6901190476192,654.7212030075189,192.2994409937888,355.8121315192744,386.67094757094753,305.47,312.34212315462315,850.7852,547.3125000000001,1022.5763888888889,636.436507936508,702.4999999999999,534.484126984127,952.4637681159422,737.7636363636362,441.4126984126983,227.40579710144928,1779.5454545454547,30.0,99.30555555555556,197.76388888888889,342.33946078431376,442.1041666666667,35.0,296.0,198.70833333333334,15.4376001866491,45.72988293912207,417.5,190.0,202.8090277777778,470.0,203.53174603174605,1320.875754830918,67.50393737373737,167.53819444444446,63.88354413702238,119.43643892339541,69.73668831168831,42.39483585858586,37.15283202872717,45.44927188552188,112.60353174603176,86.63784632034633,169.46666666666667,177.95386666666664,105.59502222222221,207.29584415584412,158.4925616161616,253.01511423761428,166.282146031746,64.01041666666666,168.61471074380162,130.55487676767675,179.96623376623376,193.75640211640214,115.13327587468893,80.11120082815737,288.00511784511787,292.98942222222223,213.66782407407405,222.13565656565663,214.6058303030303,392.87703703703704,217.4535636363637,151.27472222222227,192.97629629629628,28.674242424242426,25.695652173913043,31.655228758169933,27.100877192982455,26.12801932367149,152.22433862433866,117.62997913921828,114.49019607843137,58.73333333333335,83.87254901960785,88.59057971014494,181.63180500658763,169.33893762183237,108.28154761904761,283.3666666666667,931.0118383838382,628.6443381180223,60.2,524.6291264911763,91.86484848484847,301.24,250.0,40.0,313.86284722222223,460.4957264957265,437.9944444444445,1798.5333333333333,345.29,540.6055555555556,36.62986111111111,668.7,407.1197171717172,160.5952380952381,645.9027777777778,1880.8333333333337,395.3787878787879,531.4999999999999,313.4,307.73333333333335,360.25362318840575,324.49999999999994,284.7616666666667,239.14190476190473,275.0,60.0,129.2,91.43666666666667,45.0,492.7826086956522,40.0,38.01,143.4483285714285
2016-01-01,68.596,68.51750000000001,93.89435555555553,76.08973333333333,78.80868055555557,52.333333333333336,86.04265560125188,130.45833333333331,116.42028985507248,227.265,169.959075048324,214.86700000000002,240.71957180500658,53.76314153333999,408.2094279176202,22.531466666666667,190.73652173913047,221.69045289855072,448.75573333333335,581.0933333333334,550.0,1427.91875,229.5157894736842,799.9384343434344,848.9704590118877,760.6476000000001,760.6476000000001,619.3640355940356,1173.1446851633216,672.5584691066509,198.24034694773823,372.1433596837944,451.1511198945981,369.06564831993404,295.1061613283835,820.841508225108,542.3222222222222,1036.7201388888889,657.6783333333334,713.173913043478,565.0071428571429,958.9869565217391,764.393650793651,426.12166666666667,236.32183246708468,1751.5282608695652,30.0,87.375,202.35466666666667,315.9037037037037,451.7527173913044,33.869565217391305,296.0,197.64285714285714,16.860366666666668,44.688177777777774,414.05882352941177,190.18666666666667,211.92579999999998,470.0,178.77777777777777,2035.2570202020204,68.43146060606061,163.79735353535355,67.19229166666666,113.18507246376812,87.8374303030303,42.34203282828283,60.34543686868687,45.48902777777778,121.26106666666665,127.9391368227732,137.0911111111111,155.39254545454546,89.69032727272729,144.78372525252527,161.8989878787879,220.38840808080803,135.27009696969694,64.82259259259258,167.2168044077135,114.3183111111111,166.07052566481138,160.38644628099175,101.88002436372001,76.9556123737374,58.43478787878787,286.0989333333333,170.79699494949492,251.87794089968003,171.03200000000004,377.0252525252525,112.31883809523808,110.74320707070707,169.4690297713982,27.99014492753623,26.893611111111117,34.10726102941177,27.590476190476195,26.293405797101453,131.4121550912855,104.94524698067634,111.90035087719298,61.750600000000006,76.32199999999999,95.9710606060606,184.12843333333333,164.06618537808643,82.04833333333335,292.33866666666665,623.5500000000001,652.4603174603175,61.93333333333334,543.0314285714286,96.07533333333333,314.1041666666667,250.30555555555554,1081.08,313.33375,424.4244102564103,452.44035538708016,1817.4895833333333,351.2144,449.277950514982,38.30804347826088,664.3706666666667,227.99896969696974,177.57575757575756,634.7041666666667,1817.9583333333333,421.73550724637676,545.4836666666666,320.90694444444443,308.19333333333327,341.18695652173915,333.22361111111115,248.7959090909091,192.41666666666666,304.9533333333333,59.8,115.72,93.55783333333333,50.0,500.4710144927536,40.0,30.7,143.940255
2016-02-01,65.96293333333335,65.57156666666666,93.69956666666668,72.41520000000001,77.64375,52.333333333333336,85.78966216509693,130.66847826086956,117.4513888888889,225.1,172.03713063849565,210.9090909090909,241.5300082345191,53.78657011118481,407.27339181286555,22.371599999999997,195.23958333333334,220.20789855072462,445.1041666666667,596.3093939393939,650.0,1445.9949019607843,233.62543859649122,821.1281201626655,861.0337987012987,757.5967324675324,757.5967324675324,681.2326262626262,1223.52244011544,680.6853673094582,196.74416666666664,398.16701561065196,449.02787603930466,351.53925252525244,307.85924176833265,869.5208161616163,604.639236111111,1041.918666666667,668.1974747474748,716.2755050505051,559.1787878787877,953.9753623188406,730.9437198067633,405.72194444444455,241.119135518876,1734.9985507246379,30.0,84.64814814814814,197.68,314.9074074074074,452.0729166666667,34.34782608695652,296.0,191.0,16.967299999999998,43.878633333333326,415.02094474153296,190.0,207.6377333333333,470.0,220.67081871345027,2016.3499999999997,67.60207676767678,163.55183780663782,67.25275252525252,110.41426406926406,104.2132282828283,42.057226430976435,79.33513888888889,47.09388888888889,123.99105569985572,102.48172176308539,130.72166666666666,117.92081212121212,120.44055757575755,125.94100606060609,146.5170303030303,173.94780202020203,114.87068686868686,67.06254901960784,142.54459815546775,128.05335757575756,141.4299470899471,139.00762167125802,88.52239600978731,78.11451178451178,41.21571818181818,256.04653333333334,147.13222222222223,161.40711279461277,154.66306666666665,318.8612086580086,88.25733333333334,85.2524074074074,148.07829292929296,27.817971014492755,26.640486111111112,33.4593954248366,27.982631578947373,27.28014492753623,115.37471234079929,92.36920692431562,113.12833333333334,60.813055555555565,77.82411764705883,89.99507246376812,184.9322666666666,123.18241466957154,67.19601666666667,451.1853333333332,415.88541666666674,649.1931216931218,61.45333333333333,543.9795282460811,98.27853333333334,314.44444444444446,250.0,1081.08,316.49159722222225,442.2551666666667,461.4418370986129,2443.688,346.876,508.4008056606638,38.95492753623189,910.8306666666667,191.7152777777778,166.56439393939394,866.3359999999999,1856.2458333333336,576.4021739130435,767.2280000000001,450.41066666666666,422.6346666666667,526.2968253968254,448.3819444444444,258.1670833333333,193.75,298.7212,60.0,116.33733333333332,93.743,50.0,500.0,40.0,32.18,143.9283631578947
2016-03-01,62.476066666666675,62.496166666666674,92.25996666666668,69.34546666666667,74.6802,52.333333333333336,87.29510907010683,133.14583333333334,119.97058823529412,225.2999164516539,173.73718458198348,213.46300000000002,249.34875,55.03657011118481,407.7695498746868,23.29519607843137,196.24479166666666,216.92208333333335,433.06111111111113,611.0572916666667,719.7933333333334,1451.0626190476191,237.73076923076923,818.0917171717173,868.4218642204356,769.5554949494951,769.5554949494951,674.6731984126984,1232.2809771181198,695.9616024187454,196.71624879749882,404.77374196510556,465.5953383838384,362.73426623376616,319.4893833719591,867.4290949494949,1023.1635416666666,1642.2156862745098,1280.3214285714287,1255.3222222222225,883.8541666666667,1556.3977777777777,1341.7489583333331,743.4297619047619,242.13898128121102,2798.7444444444445,30.0,82.91666666666667,211.98529411764707,315.6904761904762,459.95,34.84375,296.0,201.64743589743588,17.00461666666666,42.988388888888885,417.06666666666666,190.0,207.8909333333333,470.0,246.66095238095235,2033.1703125,63.99015757575758,163.64236363636363,64.45069444444444,118.29864838864839,103.28826666666667,42.55180555555555,82.35395238095236,45.65388888888889,129.91654199134197,80.65539306104525,139.89916666666664,120.10733333333333,100.23386666666664,119.93658181818182,131.56556363636363,160.35844848484848,110.04875555555553,60.78538461538461,129.9736495388669,102.13875555555555,131.38535353535352,138.31616161616162,95.7970220685112,82.19555555555554,38.09426666666666,175.95173333333332,121.46853333333331,136.26675084175082,140.47182222222224,240.30952727272728,87.92293333333333,83.04196127946128,121.50895622895621,29.479777777777777,29.371666666666666,36.255707070707075,31.053076923076922,29.43422222222222,110.95371102327626,96.99175120772946,96.23818181818183,62.536078431372545,82.83611111111111,94.97947916666665,183.37740000000002,106.31897058823529,75.50786666666667,531.3333333333334,455.46033333333344,786.875,60.46568627450981,552.3540793650793,99.26357777777777,316.9791666666667,249.70833333333331,1081.08,345.5634932659932,431.23263888888886,474.1371697652616,2715.04705882353,348.8369333333334,514.4989525202328,43.883333333333326,1049.7627450980392,256.7925757575758,248.33333333333337,1004.629411764706,3103.206666666667,565.7529411764705,881.3715686274509,528.7705882352942,495.15882352941173,563.0071428571429,509.27708333333334,259.6725,202.7450980392157,296.37254901960785,60.0,117.25686274509803,94.61470588235292,50.0,492.5,40.0,38.21,143.959375
2016-04-01,64.07036666666667,61.27123333333333,91.64513333333332,71.0178,75.2080888888889,55.583333333333336,91.11720000000001,131.59420289855072,126.875,225.77926091269842,191.41552083333335,231.28611111111113,241.60030303030305,57.060694444444444,447.707756232687,23.125386666666667,187.84848484848487,217.13381944444444,458.83133333333336,630.4388888888889,605.3466666666667,1483.4260784313724,236.52192982456143,875.2577777777776,896.2939393939395,781.1262499999999,781.1262499999999,676.5870899470899,1205.652424242424,722.2076388888888,214.17624999999998,430.8857575757576,484.88944444444445,389.87413580246914,319.67863155363153,962.8267999999999,602.5847222222221,1016.3159999999999,670.6809523809524,733.2402777777777,546.8319444444445,934.9680555555556,747.2939393939395,418.7799999999999,243.90790170838397,1772.0177777777778,30.0,78.78333333333333,206.69444444444446,314.91228070175436,453.0234375,34.56521739130435,296.0,195.06349206349205,18.47695833333333,42.5868,415.7638888888889,190.0,211.72861111111106,470.0,178.2240350877193,2486.11625,76.09513333333332,185.01077777777778,72.9782,123.52174603174602,87.9056,43.030199999999994,50.88135558208856,45.420416666666675,136.60837962962964,76.84763888888888,138.1038888888889,114.6048,81.19715555555557,114.72479999999997,115.62266666666666,145.82999999999998,109.17928888888888,58.800714285714285,124.3201449275362,97.59524444444443,123.48864734299515,155.87820105820106,90.95168203776899,76.49229166666667,40.191319444444446,174.11919999999998,122.51533333333334,147.54053333333334,149.7632,198.9688,131.40453333333332,92.33606481481483,120.45756613756615,27.316944444444445,26.20742222222222,31.84047222222222,26.57530303030303,26.382037037037037,112.71169082125607,106.39036376811595,96.29208333333334,59.97746666666668,73.5073015873016,94.64246376811595,187.16222222222223,107.10026315789474,84.21440000000001,384.5833333333334,320.3906666666667,639.1666666666667,61.13333333333333,516.1774129493695,103.35619999999999,318.5416666666667,250.9090909090909,1081.08,331.59671043417364,424.4805324074074,482.7444444444444,1737.5653333333332,356.1683333333333,558.9746666666668,62.45219696969698,667.2393333333333,456.3943333333333,200.65789473684208,625.495486111111,1966.7573333333335,379.89722222222224,541.5326666666667,320.7633333333333,303.62666666666667,313.032,295.5376,260.0,191.36363636363637,307.8,60.0,125.49855072463768,96.2652,50.0,497.04,40.0,41.58,143.9001333333334
2016-05-01,65.89336666666667,62.07615,92.59440000000001,72.82275555555557,75.00493333333333,52.705882352941174,91.58893333333336,131.66666666666666,128.25396825396825,227.35292270531403,207.9469281045752,200.0912121212121,242.6649305555556,57.309999999999995,424.43421052631584,23.70733333333333,195.94444444444446,219.69409722222224,469.0466666666666,663.7807575757577,624.4433333333333,1505.503137254902,238.28947368421052,876.1992063492064,916.9384126984128,804.5074999999998,804.5074999999998,693.7756666666667,1339.1987719298247,737.3519047619046,221.46458333333337,458.7355072463768,508.3740740740741,402.8230994152047,316.4667508417508,1003.1148888888889,608.2638888888889,1068.504,695.9478260869565,745.0434782608695,541.7305555555555,940.3069444444442,808.4575757575759,421.0614035087719,243.62167854813003,1791.1263888888889,30.0,78.87719298245615,202.54166666666666,314.9166666666667,440.0,34.642857142857146,296.0,197.23684210526315,15.672366666666667,41.67955555555555,414.7549019607843,190.0,211.6381944444444,470.0,179.14508771929823,2361.2735416666665,68.15546666666667,179.84879999999998,67.81786666666666,116.25757575757575,73.25133333333333,41.102399999999996,34.28014747012458,44.17055555555556,135.0273611111111,76.98069444444445,144.43413333333334,122.55013333333335,81.28013333333334,145.30719999999997,135.24919999999997,167.776,131.61226666666667,55.86233333333333,159.08434782608697,99.41866666666667,129.82115942028986,168.3871895424837,99.51952898550724,78.43708333333333,53.06048611111111,194.0861111111111,141.17422222222223,179.18106666666662,182.12166666666667,201.13226666666668,202.92773333333335,119.03269841269842,140.7176388888889,27.09826388888889,27.180999999999997,32.505171957671955,26.53767195767196,25.71814814814815,125.85055555555554,115.72583333333333,94.54481481481481,66.81573333333334,93.83230769230771,96.32424242424241,194.39988888888885,133.2713611111111,85.24353333333333,425.82533333333333,349.4173333333333,636.6133333333333,60.6,532.6061495612738,107.48026666666665,318.9583333333333,251.36363636363637,1081.08,342.0233769063181,434.2371875,493.6773333333333,1853.9346666666668,355.2742666666667,558.8173333333334,63.810909090909085,685.2973333333334,603.4719999999999,254.86842105263156,652.2152777777778,2062.726666666667,328.1166666666667,559.4140000000001,340.9893333333333,313.3133333333334,360.97361111111104,300.80266666666665,261.0316666666667,191.36363636363637,309.2,60.0,125.79347826086956,96.56266666666667,50.0,500.25,40.0,46.74,145.65022
2016-06-01,67.72463333333332,62.701133333333345,93.15336666666666,74.9262,75.91440000000001,57.8421052631579,91.61527777777779,136.26811594202897,133.84126984126982,225.87200310559007,229.38609411764708,205.7411111111111,243.3657638888889,57.694444444444436,422.52770083102496,24.118,194.98958333333334,224.13356280193236,478.645,654.2319047619047,659.165,1520.8962962962962,250.19771241830065,926.081111111111,956.0210555555557,829.6771555555555,829.6771555555555,787.6214583333334,1286.914678362573,764.6788333333334,235.2326570048309,433.140303030303,531.1229411764707,416.6501754385965,330.4111485222596,964.8758666666668,616.4527777777778,1091.7559999999999,730.5275362318841,745.0739130434783,533.0638888888889,965.5402777777778,776.8212121212122,433.65370370370374,240.70628734327107,1762.9638888888892,30.0,74.8888888888889,206.45833333333334,314.82456140350877,434.71153846153845,34.76190476190476,296.0,202.2348484848485,15.151800000000001,39.30448888888888,417.3651960784314,190.0,217.56833333333336,470.70159227762394,176.8336666666667,2412.105902777778,71.43440000000001,183.66625000000002,68.34733333333332,113.32075757575757,78.65293333333334,43.05453333333334,38.55393968253968,46.735972222222216,135.02233796296298,77.76862318840581,141.93066666666667,176.23600000000002,127.75173333333336,183.0154222222222,158.05093333333335,251.45159999999998,173.19119999999998,62.42288888888889,199.72724637681162,116.18026666666665,174.47768115942029,224.57155555555556,107.12799242424242,84.31847222222221,59.020902777777785,295.22586666666666,211.8709333333333,239.84693333333334,245.72133333333335,309.4636444444445,235.56799999999998,153.41560606060605,198.34088888888888,28.42284722222222,26.73782222222222,32.06111111111111,28.09801587301587,27.242430555555558,151.72074074074075,140.58275110708536,93.23733333333334,69.68773333333334,72.11924444444443,101.65714285714284,199.20384444444443,173.81329365079364,83.68366666666667,400.232,823.0866666666668,631.4561403508771,62.58,540.9294513457555,116.05673333333333,317.2916666666667,250.9375,1081.08,342.50481183350536,453.8496458333334,501.85599999999994,1872.1466666666672,358.14473333333336,556.016,63.04391304347826,691.3893333333333,429.48333333333335,192.06140350877195,641.2611111111112,2121.377333333334,295.89275362318847,566.9893333333333,349.2146666666667,312.8253333333334,377.2863425925926,289.00666666666666,260.5904,191.88405797101453,310.9,60.0,128.5,95.89280000000001,50.0,506.04,40.0,48.25,145.2835727272727
2016-07-01,67.72656666666667,62.57626666666669,93.16153333333334,74.40090277777777,74.90115555555556,58.0,90.79194444444444,135.16666666666666,136.3768115942029,228.45196767001113,230.27569978632476,198.57444444444445,241.17881944444446,57.559999999999995,442.71515594541916,23.847333333333335,196.46527777777783,227.09305555555557,491.3825,656.421111111111,611.665,1547.327037037037,251.36825980392157,909.9081481481483,930.4261904761905,794.3820289855073,794.3820289855073,786.5552941176472,1276.8359649122806,776.1890555555556,228.41502415458933,433.45262626262615,497.33912280701753,397.1294117647059,320.14351851851853,914.3343999999998,578.4756944444443,1071.8973333333333,739.809090909091,750.0434782608694,524.8763888888889,1000.9944444444444,785.6545454545454,437.5083333333333,242.27428771482312,1729.9479999999999,30.0,81.0375,214.29166666666666,315.0,452.25,34.78260869565217,296.0,198.07246376811597,17.00225,37.56317777777778,417.5,191.8181818181818,221.02573333333333,470.818930934144,172.03470588235294,2462.15375,82.47400000000002,201.41152777777782,73.9241304347826,126.39982456140349,80.22706666666666,45.306400000000004,48.41764880952381,47.67583333333334,147.78722222222225,79.52194444444444,142.0848,127.15666666666667,166.6528888888889,142.24346666666668,128.2346666666667,227.65746666666664,141.40720000000002,63.77625,160.6344927536232,120.6050666666667,151.20927536231886,192.09539682539685,96.16900000000001,81.89546296296295,53.47326666666666,234.05866666666668,179.4554666666667,202.75466666666668,189.3218666666667,383.6730666666667,218.34586666666667,105.8886574074074,145.77841269841272,28.040763888888886,26.91111111111111,30.322407407407407,26.981212121212124,27.229444444444443,143.26158730158727,138.40545440821256,97.08966666666666,73.03434782608697,65.28666666666668,103.09133333333334,191.70592222222223,150.98020743145742,82.68440000000002,400.7586666666666,810.1720000000001,645.9947368421052,62.53333333333334,566.9370674356699,109.67497777777777,319.5,251.85507246376812,1081.08,346.5296167870658,443.2802662037037,512.5773333333334,1882.6346666666666,358.5176000000001,563.9173333333333,61.319130434782615,681.3973333333333,301.6833333333334,192.29166666666669,639.1944444444446,2092.5933333333332,394.9569444444444,581.414,340.8226666666667,319.11333333333334,407.92361111111114,286.196,266.0837333333333,199.84848484848482,312.0,60.0,132.24,96.24266666666668,50.0,503.05333333333334,40.0,44.95,145.4069947368421
2016-08-01,66.2718,63.48255000000001,92.43733333333334,73.72680555555556,74.51233333333334,57.857142857142854,88.11173333333335,135.88541666666666,139.12698412698415,219.82126262626264,252.34333333333328,201.3336666666667,244.91875,57.82874999999999,420.0184672206833,24.079866666666668,194.6725,230.1866938405797,504.785,676.135873015873,604.165,1588.9859259259258,251.44097222222223,889.9367724867725,929.4622751322752,805.8380303030302,805.8380303030302,771.1792156862746,1356.3422916666668,752.7569444444446,228.80932367149754,446.03428571428566,458.33228395061735,386.20087719298243,326.36375327347554,908.5658222222223,508.06527777777774,1061.069333333333,684.7227272727274,759.9739130434783,552.7681818181818,999.3797101449275,773.3469696969696,399.1174603174603,240.4993051050552,1646.1546666666668,30.0,82.37745098039215,215.0,315.0,452.1875,35.0,296.0,200.0,18.992583333333336,35.616388888888885,417.5,198.57142857142858,220.46866666666665,471.35546704824975,172.81901960784316,112.62,88.46844444444444,211.2208333333333,79.75180555555555,128.64333333333332,94.66186666666668,45.22586666666667,68.68418803418803,47.17305555555555,158.27027777777775,67.92402777777777,143.37226666666666,104.29511111111113,111.67533333333331,109.02337777777778,89.40359999999998,147.56488888888893,103.81226666666667,59.28309523809524,111.13072463768115,105.9992,126.0629292929293,148.85737373737373,76.07984722222221,77.84782608695653,46.70277777777776,161.26506666666666,139.55733333333336,115.45146666666666,138.86106666666666,202.2342222222222,96.35093333333334,80.6901388888889,96.00863636363637,28.359444444444442,26.281599999999997,31.531050420168068,26.514621212121213,26.853194444444444,116.94079365079365,132.68910714285713,103.50502923976609,68.42337962962964,63.090808080808095,91.3,175.06777777777776,120.14645833333333,80.52286666666667,388.80933333333337,432.24266666666665,636.7157894736843,63.76666666666666,589.5115320910973,95.05433333333332,323.2,257.0289855072464,1081.08,324.0584722222222,417.0380138888889,515.4466666666667,1909.256,354.8538666666666,571.5133333333334,61.52753623188405,692.6226666666666,292.42466666666667,189.9206349206349,636.9733333333334,2186.0722222222225,339.87272727272733,579.8626666666667,332.432,316.77200000000005,468.67391304347825,314.204,279.0,200.0,314.73333333333335,60.06666666666666,138.32,96.37360000000001,50.0,512.1333333333333,40.0,45.84,145.6009545454545
2016-09-01,66.496,65.54226666666666,92.37400000000001,73.62749999999998,76.59026666666668,54.5,88.27186666666667,139.40972222222223,146.03555555555556,214.43609523809525,264.4119812091503,201.67454545454547,246.81853174603174,57.73499999999999,429.8350560856332,23.3856,193.2315277777778,232.5001388888889,498.185,693.6765151515151,609.895,1607.3041176470588,246.15789473684208,896.8922222222222,933.2917460317459,813.6768981481481,813.6768981481481,735.6398039215686,1253.2540935672516,725.4995767195768,230.83444444444447,408.65941798941793,428.8449673202614,360.305751633987,311.9537037037037,936.5194444444445,521.0472222222221,1053.4625,687.0101449275363,765.6636363636363,537.0587301587301,983.0000000000001,822.9666666666665,403.7681818181818,241.6036567887723,1641.1277777777777,30.0,79.05555555555556,219.6875,315.0,453.33333333333337,38.69047619047619,320.0,201.07142857142858,16.42908333333333,36.59508888888889,417.76041666666663,199.5,219.15980000000002,471.6301249544601,205.64803921568625,1253.6931944444445,108.36537777777778,222.9331944444444,87.3688425925926,135.07425925925926,118.13404444444443,45.969111111111104,98.07011904761906,46.81513888888889,190.34087962962963,72.68212962962961,143.4048,93.60586666666666,79.70159999999998,108.23920000000003,94.65546666666667,123.64453333333331,91.89453333333334,63.807514619883044,106.80462962962962,102.19866666666665,116.3312077294686,136.02060606060607,77.32043478260869,78.76149758454108,43.118599999999994,136.52026666666666,113.75333333333334,96.37946666666667,133.3544,146.22133333333332,89.5176,79.15791666666667,93.70949494949495,28.18013888888889,26.507066666666663,31.55984262125903,27.465079365079365,26.618333333333336,111.46959595959596,123.73758101851851,118.37641025641025,72.00434782608696,66.85999999999999,89.78722222222221,185.46578888888885,114.20439351851851,92.53530000000002,399.452,222.94533333333334,636.5824561403507,65.53333333333333,602.1408296362023,95.12213333333331,325.28125,258.19444444444446,1081.08,335.41368253968255,436.1890608465609,511.5933333333334,1893.1226666666666,354.4969333333333,572.2226666666666,60.59319444444444,696.5239999999999,446.95199999999994,184.54545454545453,631.6555555555556,2269.6208333333334,353.1972222222222,577.0886666666668,322.50666666666666,313.72933333333333,514.5573333333333,282.3226666666667,288.0,202.8409090909091,318.73333333333335,60.03333333333334,144.45333333333332,97.07566666666668,50.0,508.48,40.0,46.57,145.78488
2016-10-01,69.75616666666669,69.5084,92.30566666666668,76.4607638888889,80.24753333333332,54.55263157894737,88.16159999999999,139.39236111111111,145.875,209.44735653235648,267.33384722222223,214.030303030303,247.65791666666664,57.73499999999999,430.11695906432755,23.1,193.9481944444445,232.85229166666667,480.555,706.9619696969697,610.75,1627.7674509803921,245.5263157894737,886.079470899471,939.9934444444445,794.4407555555557,794.4407555555557,733.7983888888889,1252.346388888889,743.1274074074074,210.45949074074076,390.8661375661376,417.262091503268,361.6360818713451,319.50320512820514,963.7712888888888,535.6913043478261,1060.0847222222224,708.0954545454546,774.698484848485,537.6623188405797,980.8546666666667,825.3904761904762,410.20158730158727,238.9092856206671,1674.7293333333334,30.0,82.98245614035088,219.6875,315.0,453.44696969696963,38.69047619047619,320.0,201.96969696969697,14.968188888888887,40.05224444444445,417.5,200.0,224.43142222222218,471.51171723208404,201.07508771929824,154.9007638888889,107.9584,227.3191666666666,88.13971014492755,135.57116666666667,96.50128888888891,46.7336,64.37886111111112,51.35722222222222,242.32152777777776,82.23416666666667,143.12373333333332,95.17360000000001,76.99680000000001,124.61715555555554,110.15493333333333,142.28773333333334,107.46906666666666,63.03476190476191,127.60884057971013,101.05199999999999,128.82405797101453,139.7439393939394,81.31378985507246,77.6268115942029,46.51666666666667,134.7344,109.62026666666665,102.90346666666669,139.1776,158.01199999999994,97.64693333333332,83.12347222222222,102.44666666666667,28.226249999999993,26.263749999999998,31.263667557932266,27.368840579710145,27.29136574074074,108.31631578947369,121.10381734006731,121.52624999999999,76.55257777777778,72.76020833333332,90.30818181818182,187.5989111111111,121.61844202898551,88.78949999999999,406.27066666666667,213.08266666666668,640.2122807017543,63.96666666666667,607.7614095031951,96.09933333333332,326.4583333333333,258.3333333333333,1081.08,328.14789682539686,426.39952380952377,513.476,1893.4253333333334,354.9519999999999,568.7133333333334,60.87833333333333,705.1986666666666,721.956,184.484126984127,641.8053333333332,2300.202777777778,343.21666666666664,589.9786666666666,322.904,315.33866666666665,539.4926666666668,285.24266666666665,289.6,202.60416666666666,324.8333333333333,60.0,147.72,97.06613333333334,50.0,512.0,40.0,49.52,146.8723
2016-11-01,73.54509999999999,74.57026666666667,95.26099999999998,80.23625,84.012,54.71929824561404,88.37173333333334,139.9652777777778,148.95833333333334,208.4223333333333,273.28824942791766,196.64030303030302,247.99253968253964,57.65819444444443,444.51754385964915,23.16,195.7447222222223,232.3935416666667,464.225,707.359393939394,578.4375,1617.5227450980392,246.4950980392157,868.7174603174604,930.4875,786.1839111111112,786.1839111111112,689.7459649122807,1168.9630687830686,720.2694736842104,192.66430555555556,394.27014492753625,377.09538888888886,331.08870370370374,305.65972222222223,909.326388888889,544.6652173913043,1050.173913043478,702.7666666666667,764.2782608695652,546.6772727272726,982.6053333333335,804.1095238095238,407.92878787878794,238.08949093457534,1670.9133333333332,30.0,83.6842105263158,215.0,315.0,452.76041666666663,35.0,320.0,203.13492063492066,14.209683333333333,42.78336666666667,417.5,199.92063492063494,226.82866666666666,472.83160455179234,199.66385964912283,135.5875,102.10893333333335,220.6425,84.60202898550725,136.0496296296296,72.89062222222223,47.2836,45.67410052910053,53.67291666666666,208.00986111111115,98.02144927536234,140.7637333333333,93.15386666666667,76.88879999999999,137.63453333333334,110.29146666666668,168.1401333333333,114.49958333333332,58.98300000000002,139.27272727272728,101.4808,137.03318840579712,148.00388888888887,82.51992028985507,79.1772463768116,52.30713333333333,144.22293333333332,103.49786666666667,104.22844444444445,139.43866666666668,172.78493333333333,85.34639999999999,86.15694444444443,104.11238095238096,28.07527777777778,26.597733333333334,31.313498217468805,27.6159595959596,26.69361111111111,111.81915343915344,127.57474738325283,110.30571428571429,73.93986666666666,79.85955555555554,85.8608695652174,187.0072111111111,127.73843928062679,94.008,403.0013333333334,207.7453333333333,647.8859649122808,63.95,604.9515893630179,96.64113333333333,327.6041666666667,254.89583333333334,1081.08,317.1063071895424,412.4566666666667,516.624,1887.0106666666666,351.24933333333325,563.8973333333333,60.67202898550725,695.6906666666667,732.2266666666667,183.29545454545453,629.2679999999999,2232.1083333333336,358.2066666666667,589.4486666666667,307.25600000000003,307.1333333333333,564.1048611111112,286.0613333333333,293.04347826086956,200.0,320.1,60.0,150.61333333333334,97.23393333333334,50.0,512.0,40.0,44.73,147.7709666666666
2016-12-01,82.29073333333334,82.73383333333334,97.23829999999998,87.18086956521738,89.38933333333334,56.026315789473685,88.50399999999999,140.97222222222223,153.2,209.85666666666668,290.19264163372856,201.51515151515153,244.64527777777778,57.74152777777777,428.2521929824561,23.7,196.59722222222226,233.93430555555557,449.325,707.7057575757576,589.4433333333333,1624.8282352941178,241.4035087719298,883.6507619047619,946.7961904761905,761.3708333333334,761.3708333333334,695.9174444444445,1203.7511666666667,719.8638888888889,199.19023148148145,381.87863636363636,394.46122807017537,369.73690058479525,303.2137345679012,913.0430555555555,553.5710144927538,1059.7069444444442,716.0233333333333,743.2855072463769,573.7579710144928,997.8533333333335,801.548484848485,409.9301587301587,238.18623226111035,1653.7919999999997,30.0,80.07894736842105,215.0,315.0,452.5,35.0,320.0,208.10526315789474,15.7102,45.59558888888889,418.2867324561403,199.84848484848482,232.6721527777778,472.83160455179234,197.70316666666668,114.320625,98.18893333333334,214.59611111111107,84.77623188405798,134.7971568627451,90.57722222222223,46.919866666666664,37.4397095959596,51.97645833333333,177.4044444444444,150.55825396825398,144.99573333333336,86.65400000000001,77.27573333333332,148.38666666666666,106.06040000000002,205.86266666666666,130.10266666666664,57.22966666666669,167.73816425120773,103.69173333333332,136.81507246376813,143.15361111111113,89.50340909090909,79.41594202898551,51.234433333333335,149.35866666666664,86.11280000000001,111.75573333333334,130.7448,197.19933333333336,87.37440000000001,88.37611111111111,123.5314814814815,27.896944444444443,26.345866666666666,31.85979411764706,27.71396825396825,26.937361111111112,114.24105820105821,140.03243055555555,111.98128205128205,74.1434,84.05431216931215,86.12666666666667,190.6404111111111,128.85463203463203,104.3976,416.96933333333334,219.31866666666664,652.9904761904761,64.5,609.3614363017934,97.50386666666665,328.7333333333333,259.5833333333333,1081.08,356.5325608465608,417.81118055555555,516.2026666666666,1892.9773333333335,327.7352,562.7973333333332,60.2825,683.9879999999999,563.874,178.9855072463768,629.2080000000001,2219.0736111111114,367.0133333333333,599.0899999999999,310.308,313.688,597.4444444444443,285.5213333333333,295.07246376811594,200.0,321.7,60.0,151.79333333333332,97.54106666666667,50.0,513.0902777777778,40.0,53.31,148.8819947368421
2017-01-01,87.95084626022125,87.30450036075035,99.0273151515151,92.59090909090911,93.1848484848485,57.03333333333333,87.25675675675676,144.46568627450984,153.73563218390802,210.23765432098764,286.94893790849676,196.26041666666663,245.9909075742409,58.487037037037034,427.2368421052632,23.446846846846846,200.4277777777778,229.85773809523806,472.00855379188715,651.6161616161617,620.0,1632.3529411764705,246.125,891.0714285714286,945.2313955885385,797.5281084656085,650.7399654439128,748.4534632034632,1215.1043083900229,731.9162698412699,186.99603174603172,404.57676767676764,419.26387939545833,398.2645202020202,304.19708994709,894.5522366522365,545.4022988505747,1018.9999999999997,673.6428571428573,725.0055555555557,573.1597222222223,1014.8761904761905,735.6333333333333,362.1505376344086,195.50000000000003,1664.144144144144,35.0,102.32974910394267,211.20906801007555,325.0,452.5,35.0,320.0,213.875,14.833668981481482,49.07192760942761,424.58333333333337,199.86486486486487,253.8644444444445,473.452380952381,178.89933333333335,1660.4977477477476,122.12384259259261,223.45170454545453,98.57452631909153,144.38888888888886,92.49421296296295,66.86868686868686,31.88021407254362,49.51851851851851,184.5613425925926,116.17591499409681,355.58558558558553,79.1260606060606,89.45454545454545,106.61919191919189,105.52939393939396,208.11184764309766,102.98242424242424,59.930839002267575,142.95959595959596,103.52121212121212,120.09387351778656,126.89459815546773,128.0909090909091,77.20772946859904,122.75787878787878,130.7439393939394,78.04444444444445,117.32171717171715,121.97111111111111,221.3850505050505,144.9232323232323,81.63762626262627,119.22264856355766,28.42939814814814,26.36636363636364,32.40444624819625,27.66751700680272,27.23705808080808,54.884379509379514,139.08224206349206,104.99999999999999,79.53666666666668,76.15489718614718,87.18339236521054,197.72995642701525,130.33393097643096,99.40719696969697,423.19819819819827,297.79242424242426,335.1521164021164,63.71621621621622,595.1562124849941,101.09479797979799,329.92857142857144,259.6666666666667,39.999959999999994,432.3363095238095,402.375,506.0135135135135,1865.4054054054054,313.2526262626263,568.6486486486486,59.952380952380956,694.7747747747748,457.2262626262626,183.20779220779224,643.063063063063,2094.4761904761904,331.38888888888886,601.936936936937,300.6306306306306,617.6735353535352,282.07207207207205,307.1171171171171,298.54166666666663,200.0,324.0859375,60.0,148.2258064516129,96.26576576576576,50.0,513.0,42.47297297297297,54.58,150.094580952381
2017-02-01,84.81315816899152,86.16454816017317,97.43399191919193,88.33274805194806,91.51381818181818,59.81666666666666,88.42373333333333,143.92361111111111,157.27272727272728,215.94371212121212,293.88240317460316,191.88297619047617,255.54100378787882,57.90041666666665,430.42763157894734,24.21,200.19055555555553,234.60472222222216,448.36541752933056,714.7255555555556,616.395,1639.4703921568628,250.79166666666669,883.4483838383837,934.9463780663781,817.2720833333333,642.242514619883,764.2158333333333,1209.0590358126722,758.664632034632,186.7318145743146,433.16480952380954,438.7742690058479,403.20509803921567,325.1700036075036,898.053098989899,556.3972222222221,1073.6347222222219,724.051515151515,741.1680555555556,568.3571428571428,1003.8266666666668,786.459649122807,418.9633333333333,185.87722222222223,1646.2279999999998,35.0,108.01169590643275,211.20906801007555,325.0,452.5,35.0,320.0,212.6754385964912,14.929062899831653,53.73181377264711,430.5,199.86666666666665,266.9543030303029,477.10144927536237,190.5901851851852,1402.5781333333334,119.92877229437232,219.6707467532468,100.72434343434344,145.20371263656978,94.11825396825397,56.29465564738292,36.672467901521614,49.04972222222222,201.42171528954137,104.46257575757573,363.73333333333335,96.55604444444447,91.72677575757577,135.18353939393938,133.1919191919192,196.41723636363636,111.08923232323232,62.73538888888889,171.7620983645983,107.25582222222224,119.98108789760965,118.85926346801347,132.82831357048747,77.4719273480143,163.25906666666663,113.89937777777779,72.9832888888889,110.73317979797977,104.65781818181819,225.24127272727273,96.93868686868687,78.6958621933622,111.6832782369146,28.81712962962963,26.932666666666663,33.67090909090909,28.108131313131313,27.95079992471297,53.34982756132755,127.20383528609074,105.12156862745098,81.00747070707071,73.41070267896355,87.84054653679654,190.47371794996,136.14576725905673,101.70703373015873,440.35599999999994,320.138,335.5304545454545,64.6875,608.1439346884999,101.39815151515151,331.2,260.0,39.999959999999994,435.6114583333333,398.72770833333334,506.99333333333345,1905.9146666666663,288.79871111111106,558.8133333333333,60.05097222222222,689.2373333333335,277.7247676767677,190.64393939393938,635.5853333333333,2328.0458333333327,375.073611111111,596.43,310.792,668.9848484848484,289.444,313.2973333333333,300.0,200.0,324.5833333333333,60.0,155.83333333333334,99.11940000000001,50.0,516.5217391304348,43.76,54.87,150.8173055555556
2017-03-01,76.81748737373736,79.2900579322638,92.40450129870129,80.97644841269842,85.18649090909089,57.3,88.7566666666667,145.28985507246375,162.13768115942028,218.23076690821256,297.29175889328064,206.4882142857143,271.7370289855072,58.056111111111115,431.14035087719293,24.066666666666666,199.6965277777778,235.26526388888885,445.843630952381,734.548787878788,624.4159999999999,1644.3023529411764,250.82236842105263,881.1530687830689,906.5134920634922,806.5083492063491,592.6901526543633,738.4586666666667,1206.2763852813853,759.5402813852812,190.10356481481483,460.7103888888889,463.9677777777777,379.8070342522974,332.74305555555554,976.6972080808082,555.05,1046.7027777777778,725.1954545454545,729.8236111111113,575.0015873015873,985.9166666666669,811.5183333333333,436.1116666666667,189.95333333333335,1624.4493333333332,35.0,107.46405228758171,211.20906801007555,325.0,452.3611111111111,35.0,320.0,210.43859649122805,14.90005418771044,57.92968778040142,432.6428571428571,200.0,274.0395818181818,478.8405797101449,203.37966666666665,1420.7259420289854,112.52026666666667,209.37711515151517,101.99041666666666,148.06444976076554,117.56560000000002,51.97137254901961,62.404040227201996,50.33566919191919,211.9126088263588,84.15492753623187,359.4373333333333,81.28244848484849,100.2574303030303,124.39415757575756,134.69107878787878,184.00838701298704,123.15791515151516,61.7268278018278,187.1248133509003,108.3184888888889,101.28318840579712,125.49178743961355,100.14591567852437,74.7113383838384,176.15219696969692,114.09472727272728,80.75632727272726,115.03082424242422,95.72997575757576,209.8547636363636,118.66127272727273,83.94246392496392,110.79444375730088,28.360694444444444,26.4832,32.66135472370766,28.661659451659446,27.34826388888889,51.96949013949014,123.16843524531023,107.79777777777777,83.8996253968254,70.64290584415585,87.99013047138045,188.8826542864543,142.6640956669749,96.49460858585857,456.5946666666667,286.96436363636366,337.8613997113997,64.73333333333333,616.154329004329,106.09890909090909,333.86666666666673,260.0,39.999959999999994,435.0715740740741,423.20033333333333,501.53866666666664,1895.0466666666669,266.86238181818186,546.2573333333332,60.15861111111111,686.4640000000002,190.31943434343435,181.79924242424244,634.8880000000001,2421.5492753623193,438.43472222222226,602.9833333333335,313.1226666666666,818.4331818181818,278.48533333333336,311.2866666666667,300.0,200.0,324.4,60.0,159.64,100.06307777777778,50.0,516.8,44.16666666666666,51.59,151.4274956521739
2017-04-01,77.44008546118172,79.86266022021456,92.81413333333334,81.05416666666666,85.79321475625824,62.38095238095238,88.68813333333331,145.7847222222222,160.0,228.1099873737374,298.89234989648037,194.51133699633698,287.27127799736496,57.903333333333336,432.0175438596491,24.046666666666667,201.58194444444447,235.21416666666664,472.22634920634925,743.9684848484849,619.876,1679.7347058823527,251.25,936.3124603174602,975.2326269841271,839.742932900433,628.1523088023088,763.4809941520467,1315.1741558441558,795.0844444444444,223.42773088023088,451.6340959595959,486.6384795321638,414.91046555783396,319.10879629629625,1106.9473214285715,586.1041666666667,1073.1930555555555,728.1696969696969,746.1083333333335,580.8166666666668,1001.5361111111112,826.2984126984127,452.33492063492054,189.68083333333334,1642.8480000000002,35.0,103.51111111111112,211.20906801007555,325.0,452.5,35.0,320.0,208.7037037037037,14.611830023840895,60.56733453618309,434.58850931677017,200.0,282.4517454545454,477.4782608695652,197.9154166666667,1438.349733333333,128.24361558441558,226.6726095238096,114.87582909843778,162.79500000000002,96.6008987012987,49.85699813258638,62.273333333333326,50.50015301827802,210.3052212602213,81.07859213250518,363.7186666666667,116.77945858585858,108.91117575757573,134.45391515151516,133.06193939393938,193.5202343434344,132.61016969696973,61.789810131389075,177.23423050379574,115.09784242424243,110.70429292929295,140.84053830227745,95.79019762845849,75.07780723905725,191.93780851998238,190.9177333333333,139.80534949494952,168.81906262626265,128.11222222222221,271.66447272727277,168.25326060606062,105.82309583934584,137.63018518518516,28.399861111111107,26.74693939393939,32.473106401981084,29.02924139352711,27.443998682476945,62.8719613997114,134.33754840067343,110.63799603174601,85.72460606060605,79.49897243107769,90.52055555555553,188.55651539047372,180.20696996753247,100.53879734848485,505.5506666666667,338.76064646464647,346.0238888888889,65.2,618.1862012987013,109.38823809523808,333.0,260.0,39.999959999999994,436.0495238095238,436.27520833333335,495.91200000000003,1931.3026666666665,251.2080666666667,546.5013333333333,59.6604347826087,692.4533333333334,180.05769696969696,187.10227272727278,643.6986666666666,2381.793055555556,466.1466666666667,597.9166666666666,314.35866666666664,963.3175353535353,279.1613333333333,314.29733333333337,298.8,200.0,323.8,60.0,162.36111111111111,100.6432,50.0,516.0,44.43333333333333,52.31,151.7595176470589
2017-05-01,79.07775342712841,80.46317926286676,94.76827676767677,82.82328348419259,87.16833333333331,67.2936507936508,90.48266666666669,153.38888888888889,160.6818181818182,235.11265873015873,302.1167857142857,190.29291208791207,292.5269005270093,57.88597222222222,431.89571150097464,24.006666666666664,208.68263888888887,236.51423611111107,470.2695436507937,756.1395454545454,620.2777777777777,1687.9464444444445,253.15570175438597,987.3915203050918,996.8269841269839,874.6452910052909,673.865626984127,821.9811688311687,1291.2993073593075,800.2528234728234,223.2341684704185,458.07968253968255,519.9616722783389,442.7801053391054,333.33884479717807,1129.192846921597,630.8069444444445,1090.3986111111108,761.2272727272727,744.3402777777778,588.4541666666665,1009.5638888888891,765.7621212121212,447.3825396825397,192.83888888888887,1657.0186666666666,35.0,105.34375,211.60201511335015,325.0,461.0076992753623,35.0,320.0,210.2896225904267,13.95030165788318,61.19490137715019,434.824016563147,200.0,283.34149999999994,478.2608695652174,195.70070175438596,1457.4141666666665,103.28338181818182,190.46666262626266,97.50654808959158,141.52624060150376,74.84279999999998,41.45787397787399,42.89900853775854,49.71674242424242,178.33711489898988,83.43886065625198,365.784,124.83869090909093,105.33155151515147,140.7580134680135,133.32380606060605,206.55592727272727,148.14808369408368,63.33428571428571,167.266930171278,114.3304,125.24224206349207,161.75587050630529,115.83758893280633,79.70748737373738,189.07108036890645,277.285503030303,186.10247272727275,195.3362752525253,135.10570909090907,266.9901136363637,140.88559999999998,121.01066498316497,144.5631464302893,28.708472222222223,26.92791111111111,32.7359084759937,29.002116402116403,27.416805555555555,62.802430145611964,139.09971638735843,110.26069805194805,88.19260952380954,84.2514491857349,90.97996031746031,185.47062694250192,248.6924293242989,100.24840579710144,530.8893333333334,336.01284848484846,335.41,65.43333333333334,619.5909766027623,108.11022222222223,332.6,260.8333333333333,39.999959999999994,426.0266005291006,465.68068253968244,489.5173333333333,1931.0639999999994,243.92844848484847,556.5160000000001,59.70652777777778,704.4159999999999,162.25545454545454,186.64772727272725,641.112,2455.9055555555556,470.9680555555556,616.5160000000001,313.508,1207.6893968253964,284.35866666666664,320.4906666666667,299.8,200.0,323.6,60.0,167.31884057971016,101.8292,50.0,516.8,44.29999999999999,50.33,152.334425
2017-06-01,80.01073142135644,83.88242861305362,97.39483809523809,88.49044513457557,92.3758629776021,59.74920634920635,88.72293333333334,148.125,163.33333333333334,240.30799242424243,305.93883207070706,206.42221153846154,287.4924424242424,57.82694444444443,432.0175438596491,24.152777777777782,205.91875000000002,237.8379861111111,482.60690821256037,774.5631818181818,622.7083333333334,1716.4087499999998,253.41885964912282,1068.6844444444444,1078.5581515151514,888.8604497354496,701.1591111111111,835.9055555555556,1385.9718333333335,842.5471746031747,256.9916770186336,489.20934343434345,508.7060714285714,458.58168375484166,335.95295815295816,1065.7001777777778,653.0236111111111,1124.7319444444443,797.2883333333333,760.5833333333334,613.3152777777777,1011.9291666666669,755.8349206349205,485.24333333333334,191.80083333333332,1568.3374999999999,35.0,109.49019607843138,211.9949622166247,325.0,454.651268115942,35.0,320.0,210.35087719298244,13.568348910298639,59.19486985800031,437.6811594202899,203.60000000000002,280.35127878787875,478.030303030303,174.30444444444444,1466.6087333333335,81.85254545454545,171.94515555555557,83.78221343873518,129.5570683020683,68.61967272727274,41.98150757575759,48.65347292803814,48.921481481481486,170.9891035353535,80.76855072463768,379.37200000000007,171.622896969697,131.16713535353537,157.16099393939393,141.9569333333333,218.56434343434344,167.792303030303,65.80715656565657,176.6933465085639,115.18431515151514,144.57045454545457,196.28762167125805,104.83623188405797,83.15138888888889,200.08861111111108,301.8797333333334,188.6408,192.50276363636362,145.83040000000003,298.19452121212123,164.86773333333332,125.36449314574311,155.59338624338622,28.466851851851853,27.311666666666664,31.869688375350144,29.409047619047616,27.73771194083694,61.474309764309766,139.06537933684672,111.9295238095238,90.42861414141414,92.89441077441079,94.19571679528201,182.4095526695527,339.4179368358914,101.70471014492753,529.6986666666668,552.4507878787879,334.88749999999993,65.43333333333334,619.6819372294373,107.13389090909091,328.9,263.4492753623189,39.999959999999994,434.34657407407406,471.0776666666667,484.6973333333333,1895.6653333333334,225.6454727272727,563.3426666666667,59.248695652173915,689.2760000000001,175.94066666666666,189.6780303030303,630.576,2491.4083333333338,402.64583333333326,606.6513333333332,308.87333333333333,1083.6429783549784,279.87999999999994,309.00266666666664,298.8,200.0,323.8,60.0,175.14492753623188,103.9242,50.0,516.8,44.19999999999999,46.37,152.83072
2017-07-01,81.27599882756134,84.34641955266954,97.85388427128427,89.53150197628459,92.94004629629627,60.04761904761905,88.19466666666668,148.46666666666667,162.64666666666665,242.579172979798,308.2101976284585,205.94231934731934,287.71316969696966,57.86166666666666,432.0175438596491,24.305555555555557,206.50902777777776,237.75618055555555,483.64942374051066,775.0551515151515,610.8928571428571,1755.8272916666667,252.702850877193,1001.4740108568682,1070.5963506493508,849.7176424963926,626.7614740259739,819.2896913580248,1354.976111111111,839.7628686868687,215.1675462962963,405.3851928374656,430.86487506645403,376.5107602339181,330.13430602319494,1022.1075000000001,662.1541666666668,1120.2902777777776,803.6269841269841,763.8986111111112,632.223188405797,1031.5782608695654,775.0606060606061,464.69499999999994,193.0147222222222,1585.9466666666667,35.0,110.10416666666667,211.9949622166247,325.0,452.5,35.0,320.0,208.70833333333334,14.296467391304347,55.94122593102745,439.32291666666663,208.4,277.0312666666667,477.536231884058,195.63833333333335,1474.4762666666668,94.11296969696969,188.04702453102453,88.74648221343874,135.6551851851852,72.96966666666667,40.269675324675326,56.5259943977591,50.96149801587301,176.9301581027668,74.29860907208734,388.856,145.15466666666669,151.98786666666666,148.51524040404038,134.79626666666667,221.05094545454543,158.1698505050505,69.78024891774892,165.2181554677207,116.58356363636364,131.25159420289856,190.32831294309554,89.2806324110672,86.82043650793652,183.68912037037035,270.02039999999994,161.92159999999998,150.5112121212121,136.2457333333333,271.89743030303026,164.91666666666663,107.46126262626262,130.6879476584022,28.60638888888889,26.862377777777773,32.23571428571428,29.64574675324675,28.098169191919187,62.82545454545455,135.98337468891816,109.39535014005602,88.07599999999998,94.230772005772,91.33878787878788,181.65905434212254,293.04718344155845,96.76076719576722,412.5533333333334,457.60696969696966,334.9948484848485,65.4,625.5904545454545,106.052,332.9166666666667,265.2173913043478,39.999959999999994,445.98712962962964,453.6676666666666,460.9666666666667,1863.5600000000002,224.34637777777775,551.5306666666665,59.61486111111112,696.216,174.74830303030302,188.63636363636363,629.8826666666668,2478.4819444444443,386.9277777777777,610.1386666666667,315.68266666666665,1039.6259393939395,274.096,318.2,298.8,200.0,323.7,60.0,183.1157971014493,106.276,50.0,517.9166666666666,44.36666666666667,48.48,153.6660047619048
2017-08-01,80.25631216931217,84.02434953703703,98.13155555555554,88.45597222222223,94.22182269119769,60.3,88.21520000000001,148.6,162.27272727272728,239.70355555555557,309.247490942029,203.46413461538464,288.4156888888889,57.76444444444444,432.0175438596491,24.22,206.68958333333333,238.60486111111112,476.386746031746,787.2925757575758,606.2857142857143,1774.9139583333333,253.06578947368422,979.0310107881537,1062.229505050505,889.0974458874458,604.7900229568412,806.5791129785248,1406.3618434343437,833.6931411862992,206.82603535353533,392.1360278105733,397.45620009620006,377.4118052707526,342.0265752765752,1047.9390307840308,673.273611111111,1115.6027777777779,772.4909090909091,743.9930555555555,625.3594202898552,1039.095833333333,801.9888888888888,480.1944444444444,191.45861111111108,1619.9479999999999,35.0,114.58333333333333,211.9949622166247,325.0,478.75,35.0,320.0,210.70833333333331,14.151234217171716,56.872709998536095,441.88194444444446,214.03333333333336,270.0616181818182,476.6666666666667,199.4848148148148,1487.9191333333333,112.30272727272728,200.04175757575757,100.07660079051382,148.1481111111111,75.7816202020202,42.681060606060605,61.42279461279461,52.50181818181817,188.53579966329968,73.30610013175229,372.4093333333333,146.7009333333333,126.90693333333333,140.2306505050505,121.14017777777781,190.13603290043292,141.7054222222222,77.77983333333334,146.66765480895916,118.34538181818178,131.48231884057972,179.1390993265993,86.62651515151515,85.90750000000001,186.8752777777778,211.67180606060606,143.02853333333337,124.16380606060608,128.67173333333335,200.0605333333334,167.33146666666664,97.2794318181818,116.19277318640955,28.637361111111108,26.85784646464646,33.096646825396824,30.596666666666668,27.580138888888893,61.14313131313133,141.97506140955002,117.08958333333334,88.56179393939394,92.66578947368421,102.9863906142167,181.49941578483245,193.51017996523677,114.88319444444446,354.4893333333334,477.4777777777779,335.34416666666664,65.83333333333333,631.4046731736173,106.10791515151517,332.8125,266.0507246376812,39.999959999999994,444.9716666666667,452.0901746031746,456.19466666666665,1808.484,225.6728888888889,564.1666666666667,59.569710144927534,695.1679999999999,222.53466666666665,185.1449275362319,639.6573333333334,2495.5361111111115,375.1391304347826,624.3366666666666,318.43333333333334,998.4974545454544,269.87999999999994,322.82533333333333,299.9,200.0,323.6,60.0,183.6376811594203,107.1722,50.0,519.1666666666666,45.099999999999994,51.7,153.1929545454545
2017-09-01,81.64446067821069,84.44160984848486,100.77674545454545,89.77770505050503,95.24525454545456,59.421052631578945,88.13194444444441,148.92361111111111,159.54545454545453,238.17803030303034,317.84748102139406,219.53496503496507,292.8695652173913,57.82608695652173,432.0175438596491,24.027777777777782,205.18115942028987,238.63873792270533,474.9412878787879,786.6666666666666,595.8333333333334,1790.333333333333,255.55555555555557,1034.4964852607711,1095.951984848485,892.9467906336089,600.7328839414554,834.9558333333333,1404.6619607843136,818.2026926406927,209.16380317460317,381.8708526826708,415.65925444925443,381.74612971823507,339.462037037037,1102.8265616161616,659.3623188405797,1111.2173913043478,768.452380952381,740.2463768115944,610.952380952381,1035.9420289855072,798.2407407407408,522.9166666666666,188.94202898550722,1620.2083333333335,35.0,112.85714285714285,212.98160113897714,325.0,493.929512516469,44.77272727272727,320.0,218.91666666666666,14.297683333333335,64.17394731040564,445.1086956521739,215.13888888888889,269.6164,476.060606060606,201.45833333333334,1501.4756944444446,128.1290857142857,211.73702683982683,111.52018257105212,155.5606666666667,82.3868761904762,41.48052795031056,67.60937963223567,49.85424603174602,189.88555555555556,73.96565217391307,371.25,157.87049696969694,99.07932121212117,140.69349494949495,114.69772121212121,188.4547878787879,134.62746666666663,76.7215873015873,154.74183574879228,119.65087272727271,130.31702239789198,176.07341991341994,88.91548209366393,84.71795454545455,189.5619235836627,179.30933333333334,131.7803555555556,125.07859393939395,151.84072727272726,175.59549090909087,192.0697212121212,97.72372053872054,120.65571166207528,29.04513888888889,27.56266666666667,33.72548500881834,30.267404479578392,27.699305555555558,60.05099567099567,140.75256728778464,116.69384615384615,86.43849523809521,83.46821067821067,99.27929292929292,178.32853260496117,283.4807287157287,130.25490909090908,317.84722222222223,435.75733333333324,344.47916666666663,65.79861111111111,629.9264069264069,109.78733333333332,328.9583333333333,266.96969696969694,39.999959999999994,464.40625000000006,468.7797619047619,457.9166666666668,1760.5555555555552,234.98937142857147,562.7013888888889,59.56521739130435,693.6805555555555,348.408,186.1133069828722,612.7777777777778,2498.3333333333335,344.6212121212121,626.1111111111111,313.1597222222222,871.7413333333334,259.6458333333333,327.08333333333326,300.0,200.0,320.625,60.0,189.469696969697,108.69097222222223,50.0,519.1304347826087,44.166666666666664,56.15,152.8973842105263
2017-10-01,84.15494612794613,86.55387896825397,102.48576565656566,91.57747619047618,98.38967272727272,59.57407407407408,88.68586666666666,149.53333333333333,162.08333333333334,238.2094202898551,326.8156944444445,220.3330753968254,295.1403968253968,58.38791666666666,432.0175438596491,24.6,205.54708333333335,238.24909722222222,469.75989130434783,795.7118181818182,599.4042857142857,1795.9504166666668,252.92105263157896,968.470076960077,1109.1725555555554,862.8096837944665,569.4563095238094,788.5855555555556,1337.8973785473784,787.2008390022677,215.4919878787879,364.51073789846515,403.8402525252525,348.3318174603175,326.42808556949973,1074.5675971139972,638.04,1123.716,773.1173913043481,716.2250000000001,630.310606060606,1032.848611111111,814.5633333333333,490.5705882352941,176.3361111111111,1618.050666666667,35.0,111.20833333333334,211.20906801007555,324.9666666666667,512.3784722222222,35.0,320.0,215.0,12.468774873737374,72.20599107091367,446.2686011904762,218.5666666666667,272.82186666666666,475.82575757575756,198.93087719298245,1583.3930666666668,131.15819047619047,216.1031428571428,115.25833803877282,154.71983333333333,83.20984935064935,43.17134293242989,57.02702891789359,51.30379393939393,182.3486333573833,81.5551613537977,387.704,171.20661818181816,98.84693333333333,153.6155878787879,128.87666666666664,251.45729292929298,143.88946666666664,73.36962265512265,164.23498622589534,122.86306666666664,147.3769521299956,180.04982872200264,100.09212121212121,86.13777777777779,198.2650724637681,191.3965333333333,159.51590303030306,138.97059393939392,202.09351515151516,250.13263030303034,195.62866666666667,109.36558501683503,132.22525372775374,29.957866666666664,27.400412121212124,33.629801587301586,30.334451345755696,27.888768939393938,64.51069696969697,135.34352753623187,119.66761904761906,84.73335757575758,87.99126262626262,99.40143841007476,173.5852134616473,329.8942453102453,129.03703573743547,309.91466666666673,538.5346666666667,343.40233918128655,65.75,626.9681244118201,109.79813333333334,329.6,267.39130434782606,39.999959999999994,454.0352614379085,459.1698888888889,460.40666666666664,1768.987333333333,235.93306666666672,553.352,59.845,691.4293333333331,392.69866666666667,176.59420289855075,627.9493333333334,2412.506944444445,355.77777777777777,632.6113333333335,317.1013333333333,796.1707359307359,260.876,330.61466666666666,300.0,200.0,321.56,60.0,194.65151515151518,112.22706666666667,50.0,519.1666666666666,44.30555555555555,57.51,153.526155
2017-11-01,85.58674558080808,87.20318452380951,103.9284484848485,94.56919191919191,100.62958333333336,59.62962962962964,88.738,150.17361111111111,158.80797101449275,234.73239130434783,336.82169685990334,217.409,293.7736111111111,58.56444444444444,431.30482456140345,24.59266666666667,205.9375,238.00215277777778,469.0555797101449,798.7636363636364,574.3757142857143,1785.188125,254.6800825593395,919.5315873015874,1017.215688705234,823.4633785911058,536.0805404040404,734.2343697478991,1212.8992139439506,758.5584841613414,199.38677287157282,340.89915518824614,361.2379100529101,317.7442575757576,328.4786931818182,1073.3149950937952,617.8799999999999,1091.777333333333,750.5121212121212,718.7555555555557,620.678787878788,1037.1305555555557,823.6296296296297,485.64374999999995,181.44311465721043,1625.2466666666667,35.0,113.91666666666667,212.05390428211587,324.79583333333335,515.46875,34.78260869565217,320.0,216.0,14.16610037878788,78.91078157349897,445.9672619047619,222.36000000000004,273.2127111111111,476.82539682539675,196.61649122807017,1638.7258666666667,114.37279999999998,195.49777777777777,104.97613526570049,147.2888888888889,71.83757777777778,44.47936363636363,44.09684826736263,50.464933333333335,159.18249999999998,103.06216931216932,389.4226666666666,181.58239999999998,109.69653333333335,161.0891111111111,141.5079111111111,263.58749898989896,151.85471515151517,71.1042105263158,158.95109730848858,123.59991111111113,163.22194674012857,192.0838032498902,101.05047619047616,86.63281746031748,191.50325757575754,228.1387393939394,169.55401212121214,159.16261818181817,226.98968888888888,337.5089898989899,179.99953939393941,123.98672187715667,146.18333521550912,30.227333333333334,28.302521212121214,33.47833143464723,31.373302591128677,27.810075757575756,65.8816305916306,128.62644360269363,123.00714285714285,78.99153939393939,94.10733333333334,97.44785682916118,169.31019220287797,396.3888761238761,168.03696972464877,313.64799999999997,840.275393939394,347.87194444444435,66.1,628.8294344061735,110.14639999999996,329.55,267.2463768115942,39.999959999999994,473.4596405228758,455.0998888888889,461.2586666666666,1752.485333333333,240.16670303030298,552.632,59.52333333333333,699.7666666666667,342.1333333333334,185.03787878787878,614.2106666666667,2447.6040000000003,354.2124999999999,636.0340000000001,309.85866666666664,779.548,257.76533333333333,329.5879999999999,300.0,200.0,321.72,60.0,200.0,114.89206666666666,50.0,515.9166666666666,45.03333333333333,62.71,153.6598714285714
2017-12-01,83.80939393939394,86.82742655122654,104.78434075726449,95.27694444444445,100.42918787878789,64.375,88.49666666666666,149.3,159.36805555555554,235.18629830917877,341.7421694444444,214.0053418803419,287.0774634145255,57.89374999999999,431.65204678362574,24.833333333333336,205.9201388888889,237.53750000000002,471.66869565217394,808.0795238095237,605.9172222222222,1776.9497916666664,255.4876160990712,982.7527849927849,1047.1347933731022,867.3995292424529,607.7475952380953,753.5631667678584,1271.8970175438596,795.1329573934837,207.3216686868687,385.0015103415103,401.2104336599074,369.21990202779676,338.96874999999994,1082.9469806637808,612.7017315441756,1088.712,744.1500000000001,690.1444444444446,613.678787878788,1054.842028985507,820.7066666666667,470.8416666666666,182.43118764172337,1580.2106666666666,35.0,113.08333333333333,216.27808564231736,324.5916666666667,512.5150966183576,34.77272727272727,320.0,214.66666666666666,14.761560590721615,81.34294254658386,445.88068181818176,222.73333333333335,275.6876787878788,474.5,202.2790740740741,1682.026293968614,103.80557575757575,186.50013333333337,97.15210803689065,147.1371259498513,79.63794343434344,48.946481481481484,44.4504071969697,50.139866666666656,148.6369907407407,129.23301587301586,378.7733333333333,184.66373333333334,113.89959999999999,197.7201616161616,151.4313257575757,276.0850387193013,171.3078601905132,70.33175438596491,195.3280544576197,131.96694545454545,180.2678933380548,192.29171466214942,114.64329004329004,89.687702020202,269.96625,243.53719999999998,187.77066666666667,225.3293055555556,274.8587111111111,363.99540606060606,156.54138475836365,136.10972845831841,178.27533333333332,30.653733333333335,28.8756,34.90796957671958,31.38910052910053,28.509515993265996,73.07579292929293,119.34559853857846,129.64711111111112,76.88327255047676,94.86326966917245,103.89660618143088,161.0428734718713,449.2172428465504,157.10859683794467,319.27733333333333,700.2853333333333,347.3283333333333,66.4,639.9411735366084,110.66106666666667,330.7,267.3188405797101,39.999959999999994,464.64979629629624,463.77013888888894,463.6546666666666,1702.282666666667,250.41819999999996,547.9119999999999,59.846666666666664,698.1053333333334,227.30400000000003,184.88636363636363,635.6973333333333,2514.9200000000005,336.49861111111113,636.4426666666667,303.624,771.1895757575759,254.6546666666666,333.26666666666665,300.0,200.0,323.9,60.0,198.91304347826087,116.71979999999999,50.0,516.1333333333333,45.48611111111111,64.37,153.150552631579
2018-01-01,81.8830412352747,85.66165555555555,102.84157363104731,94.80270092226617,98.5978,71.36666666666666,86.00693333333332,148.44202898550725,158.40277777777777,234.62251393534004,345.8112,204.09237762237763,281.1350909090909,58.46319444444444,432.0175438596491,25.15333333333333,210.95486111111111,240.7535416666667,470.4689475500345,795.6781818181818,610.0005555555556,1779.4703921568628,253.53801169590645,999.1770418470418,1084.5363306280135,887.9719731476252,652.9189795918368,743.027842488663,1309.7249799583133,800.8678939393939,196.5353714285714,404.39604617604624,404.72009569377997,375.80625275309484,359.03282828282835,1109.9189212121212,619.7066666666667,1088.2786666666666,762.1246376811596,689.7263888888888,609.8238095238096,1060.3086956521743,813.5809523809523,465.49814814814806,235.83075000000002,1558.384,35.0,83.5625,215.0,314.7277777777778,480.57971014492756,35.0,320.0,209.44444444444449,14.008541477272727,75.36449463579898,451.54761904761904,223.0666666666667,275.54420000000005,476.95652173913044,202.2790740740741,1732.222466666667,111.60026666666667,191.55851851851853,103.8479292929293,151.0248872180451,83.89893333333333,50.276388888888896,66.4164268373179,51.72892676767676,159.2962735107615,111.6122077922078,373.3173333333333,176.11286060606065,108.35816161616164,153.94993939393942,147.88753787878792,248.7529419191919,152.08123636363638,73.71007575757577,189.1576548089591,128.8664727272727,176.3304347826087,162.6492601338056,111.7522077922078,91.77942099567099,245.95805555555555,201.80934545454548,141.84903030303028,198.89797979797981,247.43528484848488,310.4696843434343,133.33608484848483,116.25283746556474,164.767634164777,30.5436,28.852840404040403,36.90451539201539,31.432341597796142,29.088686868686867,140.5744107744108,115.45568605307736,122.03375,71.06406464646464,85.79608815426997,103.1483608815427,153.17295348289852,363.44249649859944,144.87035714285713,298.46133333333336,421.5953333333334,70.77499999999999,66.2,643.849595332204,109.16204848484847,519.2,267.3188405797101,40.0,354.1958864379085,583.4584444444445,464.53999999999996,1685.858666666667,252.7820727272727,545.248,59.42416666666667,695.2146666666667,163.59060606060612,181.3043478260869,598.4026666666666,2522.1850666666664,336.08194444444445,649.4426666666667,308.09200000000004,331.4173333333333,705.6122424242425,250.64266666666668,300.0,200.0,324.5,60.0,191.25,118.51053333333331,50.0,519.9999999999999,45.93333333333333,69.08,153.801585
2018-02-01,79.70976214944477,82.43189432672591,103.42623333333333,89.35738756613756,96.44555555555557,66.78333333333333,88.20746666666666,145.96666666666667,158.7847222222222,233.55145833333336,339.48519999999996,205.23042735042736,281.8663090909091,58.57819444444443,432.0175438596491,24.949066666666667,210.88194444444446,242.51833333333337,472.4738932806324,822.1524242424242,610.833888888889,1788.3950980392156,252.81432748538012,983.863273551845,1054.1913852813855,873.3412357339629,630.4548333333333,772.442251082251,1331.4358333333334,824.1360555555555,183.10332121212122,408.5948366784731,410.8281408065619,353.0875,360.98263888888886,1046.3401333333331,615.2906666666665,1067.3166666666666,763.9825396825397,688.9402777777777,598.1269841269841,1040.2753623188403,784.8,437.2063492063492,238.30805555555554,1550.6066666666666,35.0,84.8125,215.0,314.7751767676768,485.5615942028985,34.8939393939394,320.0,217.625,14.262511111111113,76.50201470362703,460.28409090909093,224.73333333333335,276.1698666666667,477.47222222222223,179.11929824561403,1763.9314,100.09666666666666,187.13878787878787,93.51739130434783,147.09603999175428,79.42039999999999,50.810133333333326,97.38266414141414,52.35320000000001,155.53646464646465,121.56746753246752,359.0472222222222,119.01926060606061,99.55855757575759,129.69597222222222,143.47839646464647,175.5517171717172,124.1917696969697,69.76451948051947,162.02309680657504,117.66522424242423,133.68142857142857,129.10290174471996,105.8475132275132,85.73642857142856,188.3631818181818,161.1286222222222,111.05975353535354,126.94632575757576,207.12070707070703,215.19791666666666,99.87173333333334,88.81420289855073,121.17704315886134,30.571648484848488,28.843733333333333,36.8255,31.033516113516114,29.71573412698413,129.63033333333334,108.09510521885522,114.28242424242424,69.05694444444445,90.21491228070175,97.06873706004141,148.98547083692597,216.14177566102197,113.10733333333332,290.17600000000004,237.63466666666673,70.61266666666668,66.16666666666667,639.416939033189,108.53946666666667,519.2,268.69565217391306,40.0,362.3025231481481,587.9685416666667,469.908,1672.9440000000002,261.01002424242427,552.8706666666666,59.97222222222222,693.6746666666668,130.156,174.3840579710145,593.1053333333333,2521.043055555556,334.92638888888894,636.2233333333332,326.69866666666667,340.35599999999994,660.1802424242424,260.176,299.9666666666667,200.08333333333334,326.98,60.0,196.50434782608698,119.1448,50.0,519.9999999999999,45.33333333333333,65.32,154.8578666666667
2018-03-01,79.0301866419295,79.94986141414141,104.3845606060606,87.17168981481483,95.3072,64.76666666666668,88.26746666666668,146.13333333333333,159.95138888888889,230.53171936758895,330.9315972222222,202.8147435897436,283.4089330808081,58.77958333333333,432.0175438596491,25.262400000000003,209.59027777777774,242.1951388888889,479.2323611111111,822.7749275362319,604.7222222222223,1813.1998148148148,254.86578947368423,977.6032900432898,1033.8203174603175,868.8550724637681,630.1680858585858,741.2868783068783,1339.357389770723,800.4117336631623,188.14801406926412,401.7258469044183,409.65510341510344,323.3086984126984,376.40849395313677,1006.6911191919191,632.1333333333333,1081.904,775.4433333333334,672.4569444444444,597.5015873015874,1044.490277777778,804.547619047619,423.0533333333334,241.6565942028986,1567.7506666666663,35.0,92.9375,215.0,314.6125,539.2874396135265,35.0,320.0,219.91666666666666,14.511638425925923,77.32526315645633,476.5151515151515,225.46666666666664,274.03738181818176,470.7708333333333,179.11929824561403,1786.2678,91.28813333333333,175.74666666666667,89.28688688123471,149.81246449456975,80.50163636363636,50.064666666666675,80.28676046176047,50.197428571428574,150.8740277777778,107.92314049586777,424.1222222222222,117.18934545454547,95.34037575757573,118.63231111111111,122.21279191919191,154.62492121212125,116.57889292929292,69.81481818181818,143.06564814814814,112.56960000000001,131.42220026350464,130.98532139577597,98.84724517906335,86.48585858585858,152.35601851851854,148.35671515151517,97.76436363636365,105.4925090909091,174.7794787878788,173.06425454545453,91.9774787878788,84.53411067193677,111.89009248327429,30.67915151515152,28.769726984126983,36.74233307453416,30.648204775022954,29.456117724867728,123.8567878787879,106.07179073342115,107.00666666666666,70.22997575757574,86.7661111111111,94.35777432712216,148.1164872817814,166.83043876262624,88.22919999999998,291.1426666666666,217.21266666666665,70.63375757575758,65.7,643.4922930839002,108.22406666666666,521.3,268.69565217391306,40.0,365.5153935185185,453.8182222222223,469.4253333333333,1632.4199999999998,269.98586666666665,548.9906666666666,59.92152777777778,713.2640000000001,162.11727272727273,168.1334175084175,605.3773333333334,2549.4049999999997,315.52666666666664,661.896,319.14,344.6773333333333,642.8283636363636,261.25866666666667,300.0,200.0,331.3066666666666,60.0,197.95454545454547,121.17760000000001,50.0,519.9999999999999,46.346666666666664,66.02,155.7288349999999
2018-04-01,78.48334776334777,80.53107861952861,103.64920183982684,88.30586956521738,95.53738528138528,65.12280701754386,88.36079999999998,144.66666666666666,159.47826086956522,227.30909722222225,314.3621888888889,196.80964285714285,281.05512626262623,58.474027777777785,432.0175438596491,24.77573333333334,215.3636363636364,243.2736111111111,488.1475065876153,823.18,614.0633333333334,1777.1245098039215,253.08333333333331,990.9869463340891,1040.7990909090909,885.733484848485,610.9565555555555,767.5289417989418,1340.8983040935673,804.2048677248679,182.48114237614234,411.21088023088026,413.72399635452274,318.85740404040405,351.6586232697344,1014.5098158730158,619.9916666666667,1096.8666666666663,792.9944444444445,640.6125,594.0952380952382,1029.7277777777779,784.9449999999999,449.48939393939395,241.71284722222222,1578.8920000000003,35.0,90.6078431372549,215.0,314.96527777777777,547.8260869565217,34.76190476190476,320.0,220.04166666666666,13.810520355339104,75.90810856581692,481.998106060606,226.26666666666665,274.87059999999997,474.5416666666667,179.49736842105264,1830.2605999999996,97.2243619047619,187.7422564935065,95.37786561264824,154.47589754689756,85.42184343434343,51.4789862914863,59.1803961827646,50.98281024531025,154.0003367003367,79.54686409550047,361.76666666666665,102.31191515151515,83.022,114.29189494949495,112.6000727272727,142.23066666666665,109.97207272727273,65.49066666666667,134.1055072463768,107.65074343434345,122.3055072463768,136.98799855699855,97.36314049586777,83.39902777777777,140.49232323232323,158.58426666666665,87.71795151515151,96.33056969696969,204.75960000000003,160.92933333333335,81.80946666666668,85.42797101449275,110.01778040141676,29.976254545454548,28.061260606060603,35.57663865546219,30.71738095238095,28.715740740740742,122.89438596491226,110.32236275801493,107.18311111111112,71.38680000000001,84.83863636363637,94.47546552481334,145.73322284469342,172.96672096908938,88.29719907407409,278.15199999999993,222.0745252525252,71.812,65.8,640.772784090909,108.24298181818185,524.4,268.69565217391306,40.0,347.5290145502645,481.41964285714283,473.3599999999999,1603.232,290.30440000000004,558.204,59.68347222222223,702.2719999999999,302.38933333333335,167.98611111111111,580.3599999999999,2567.012222222222,313.8236111111111,661.9246666666668,311.95200000000006,355.592,692.7133333333334,250.99866666666668,300.0,204.30555555555554,331.31333333333333,60.0,197.95454545454547,123.13766666666666,50.0,529.77036885277,45.80666666666666,72.11,156.1354
2018-05-01,78.04767700294875,79.91540219488115,105.74068959149315,86.0825955204216,94.3010199134199,67.34166666666667,88.16453333333335,145.96666666666667,159.44927536231882,229.12179292929295,302.5048277777778,191.14088578088575,277.94732323232324,58.737916666666656,431.3230994152047,25.599722222222226,211.64492753623188,240.6021527777778,495.3734722222222,826.5615873015873,617.9171428571428,1811.003725490196,253.03947368421052,1029.2887157287157,1050.2493025493027,923.1889944903581,665.8614035087719,824.1462573099415,1397.024579124579,836.2786124401914,203.28272366522367,418.7571840857555,468.87799954431523,389.25368470418465,368.31819517930626,1099.6946002886004,633.6906666666666,1117.8186666666666,799.7283333333335,672.8791666666666,586.0939393939393,1013.922222222222,775.0500000000001,459.7035087719298,241.54615942028985,1564.4173333333335,35.0,84.02222222222223,215.0,315.13930555555555,549.8532608695652,34.76190476190476,320.0,218.7301587301587,14.810223953823954,73.13262461410643,488.4881422924901,226.86666666666665,270.72179232804234,469.0869565217391,181.49833333333333,1791.8462666666665,88.1309090909091,174.98568484848485,88.5208243929983,147.41572222222223,74.86055194805193,51.406729797979786,39.843415263338535,51.52875,141.50457070707066,76.52433465085639,362.8069444444444,111.04639999999999,75.73962424242426,132.86741818181818,123.99600000000001,163.5129777777778,124.39136969696969,65.17259512417408,143.64801054018443,105.38997229437231,132.60470794905578,168.64300865800865,109.88866391184571,84.66152777777779,193.03791666666666,199.6144,108.91883636363639,120.19813333333333,226.02813333333336,184.11949090909093,125.01384242424243,104.98923258559621,132.07065197428835,30.00419047619048,27.68989090909091,35.50951515151515,30.408617998163457,29.184150432900438,127.9606285072952,121.25743709742352,106.41466666666666,72.67875036075034,83.03296703296702,95.11218745900564,147.02811257297535,168.96718894830659,100.36191919191921,264.7093333333333,223.8940606060606,72.08598484848486,66.16666666666667,643.5666603535353,107.95118181818185,527.5,269.1304347826087,40.0,388.84864052287577,489.9290555555556,468.23866666666663,1547.6480000000001,293.320593939394,556.1946666666666,59.953611111111115,696.5906666666667,406.39,167.20486111111111,584.1560000000001,2565.6202777777776,309.29861111111114,656.666,319.3106666666667,346.404,824.9192121212121,248.01733333333334,301.5,200.3472222222222,332.5,60.0,198.47826086956522,124.0586,50.0,531.7884853540551,46.43333333333333,76.98,157.8993666666667
2018-06-01,78.4268774050024,77.65480379737221,106.18369096984887,87.72925120772949,93.67007936507936,68.83333333333333,88.10119999999999,145.36666666666667,158.64583333333334,230.53541666666663,283.2193055555556,195.33746153846153,274.99168391994476,58.33666666666667,432.0175438596491,25.820000000000004,212.56710144927538,238.90972222222223,500.881139657444,837.5324242424242,604.1666666666666,1813.3996296296295,253.6904761904762,1048.7536652236654,1071.190119047619,962.8320477502294,667.6382835877573,830.0051260504201,1439.061266803372,829.0231718546004,256.4949113997114,466.6703174603175,513.0143888888889,420.8489321789322,369.2253086419753,1169.9157927849928,662.047222222222,1141.3919999999996,802.0079365079366,717.0708333333333,613.1348484848486,1001.1305555555556,818.3533333333334,439.75625,243.32444444444445,1590.802666666667,35.0,92.9375,215.0,322.2178451178451,552.8458498023715,34.77272727272727,320.0,219.6825396825397,16.009715304834057,68.00797159169333,491.0795454545455,229.80000000000004,273.6785648148148,466.89855072463774,197.53543859649122,1786.0248666666666,75.55337373737373,159.683898989899,80.47592446201142,132.13103896103897,72.30679292929294,51.13800925925926,32.9379273715415,52.90898569023568,120.29098484848487,78.17406989146119,435.09166666666664,174.85170101010098,80.74849292929294,188.73755670995672,160.69373333333334,257.9425050505051,172.6405171717172,65.64263157894739,203.83052010791138,116.53757575757578,176.83613526570048,236.2017916002127,111.70631313131315,85.52354737854738,297.54193236714974,320.2557506493507,174.34434343434341,199.7323070707071,322.79283809523815,360.82032727272724,229.20689292929296,146.0332362586908,192.5286621315193,30.803611111111113,28.26070303030303,37.22752741228069,31.93742424242424,30.542550505050503,152.32477633477635,141.78082667382938,106.7843137254902,70.81486666666666,74.93804473304473,108.5825850340136,147.74293639790372,176.28436601913495,112.88314814814814,262.60133333333334,412.1006262626263,72.10466666666666,66.73333333333333,641.7713825757576,104.90186666666666,532.24,269.4782608695652,40.0,385.2489215686274,488.6188333333333,473.724,1528.761333333333,293.9689714285715,552.2186666666665,59.79263888888889,716.5373333333334,318.7002222222223,188.99305555555554,574.148,2554.12,312.4694444444444,658.1173333333334,319.1680000000001,348.688,982.2442424242423,253.89733333333334,306.55,200.20833333333334,333.8666666666666,60.0,198.47826086956522,123.98153333333333,50.0,539.1148928587278,46.43333333333333,74.41,159.0710578947368
2018-07-01,77.49800952380951,74.60297424242424,106.49940541125542,85.71456018518518,92.56522727272727,72.36666666666667,88.11986666666668,145.63333333333333,156.7753623188406,227.18383207070707,256.5535984848485,193.33220352564103,268.6887121212121,58.357733333333336,431.96881091617934,25.631944444444446,210.79861111111117,235.3915277777778,502.93906455862975,843.7963492063493,612.1533333333333,1809.4551851851852,252.9318181818182,1063.3190909090908,1095.4611349206348,975.6776811594202,664.9721313131314,804.1125454545455,1455.5309259259259,879.6454848484848,268.4214857142857,467.30522366522365,521.6651190476191,418.9573181818182,351.3123713991769,1165.1691838383836,670.4333333333334,1167.004,847.0483333333334,743.5097222222223,601.8863636363635,1039.052777777778,825.1999999999999,447.97962962962964,247.29875000000004,1648.3173333333332,35.0,81.21428571428571,215.0,324.6253968253968,563.3922101449275,35.0,320.0,218.94736842105263,18.27627750721501,60.83970219875522,495.69005270092225,234.33333333333331,275.5693696969697,471.4782608695652,175.74473684210525,1726.6950666666667,80.78327272727273,167.2342101010101,81.17347222222223,140.4133742183742,80.42280000000001,50.99275252525252,45.063411950368476,53.01976010101009,147.09098181818183,97.4375625823452,376.03611111111115,138.82533333333333,89.95706666666666,180.39225454545456,169.6712,271.0936574074074,165.9116888888889,67.23620414673047,200.71434782608696,122.55080000000002,174.99375494071145,233.07940404040406,109.38893719806764,87.74463768115943,299.61453703703705,296.8402666666667,214.9536,233.55794285714288,257.1949333333334,386.2431919191919,246.2920727272727,148.304476584022,195.96829725829727,31.118133333333336,28.118760173160172,36.003937149270484,32.77445887445887,29.10462962962963,166.11082663368379,146.7343739935588,110.72784313725491,69.05178181818182,72.26613621933622,109.16684343434342,146.08912555899553,168.96817042606514,114.14098124098123,238.59066666666664,660.8786666666668,71.97062121212122,65.6,640.658979978355,103.50706666666667,536.1,273.10606060606057,40.0,401.2854391534392,485.2669444444444,478.3746666666666,1492.8346666666666,299.92980606060604,549.94,59.773888888888884,712.9306666666666,204.22799999999998,166.95652173913044,567.7106666666667,2550.2570666666666,312.7527777777778,663.096,318.28533333333337,348.7786666666666,948.0843636363636,249.8306666666666,309.4666666666667,200.03623188405797,334.65,60.0,202.17391304347825,122.99573333333333,50.0,542.1740037596765,46.36666666666667,74.25,159.3374571428571
2018-08-01,76.88685120593692,75.1511073318216,108.17209606381272,85.39770111832611,92.00180500658762,67.88888888888889,87.81946666666667,146.45833333333334,156.66666666666669,226.97756944444444,238.73366071428575,196.75165158371044,266.37884057971013,58.4744,432.0175438596491,25.93666666666667,207.91666666666666,236.2736111111111,505.73609217171713,852.7715873015874,614.8611111111111,1828.4953703703702,252.9318181818182,1070.3144465058751,1149.0612280701755,982.5201370851372,696.5463095238094,865.6835353535353,1442.4505252525253,893.8266262626263,255.82309956709958,439.6268740031898,497.62989979156646,425.53949494949495,349.8166987333654,1121.7060524499655,666.8866666666667,1183.5146666666665,846.2300000000002,753.2222222222225,609.5539682539683,1069.7565217391304,808.7983333333334,488.9607843137254,251.38377846790888,1710.3080000000002,35.0,89.8,215.53333333333336,325.46164021164026,576.4855072463768,35.0,320.0,211.2698412698413,19.187775724506977,55.27775472983806,498.09351276742575,236.0,275.2458984126984,471.8181818181818,178.4254385964912,1686.3712166666667,86.50480000000002,170.8851797979798,85.99268638768639,145.17409550045915,99.97053333333334,51.923809523809524,69.86035720727685,53.77027777777778,156.06195286195285,88.31381313131315,380.21111111111105,128.6709090909091,110.73328484848486,144.23231515151517,124.73360000000001,168.12131313131314,139.1626181818182,72.2718225108225,142.19320707070707,120.70555555555556,156.90263085399445,209.12361712361715,92.7296831955923,89.04007575757576,219.16555555555556,344.0466545454546,177.80495757575756,157.8380983750549,170.5646666666667,251.2851515151515,130.71906666666666,104.38884936319718,131.70743867243866,30.663412121212122,28.983199999999997,34.67007878997009,32.66502645502645,29.42921717171717,137.14369696969695,138.83386885155906,115.32533333333335,67.09927272727273,82.0046176046176,101.72923583662714,142.64069911440086,149.90611111111113,115.64463594276094,215.6186666666667,469.2760000000001,74.78483333333332,66.73333333333333,645.8281724073028,102.38606666666666,546.0,274.74242424242425,40.0,405.1443554131054,488.6612083333333,469.3986666666667,1481.757333333333,293.0788,552.8493333333333,59.756527777777784,710.5919999999999,157.4257777777778,174.01515151515153,543.4166666666667,2546.9861333333333,310.00277777777774,657.0546666666667,318.79866666666675,347.348,851.3219393939393,253.708,315.93333333333334,199.9275362318841,334.53333333333336,61.26666666666667,205.9090909090909,122.76153333333332,50.0,546.6041544853177,46.53333333333333,72.53,160.3538636363636
2018-09-01,77.2879710550887,75.0307414141414,108.69054285714287,84.51138257575758,89.46648484848485,65.20634920634922,91.75706666666667,146.23188405797103,156.06746031746033,229.17646042363438,237.24976060606065,202.22815934065935,264.6616864295125,61.26999999999999,432.3160331384015,26.77083333333334,210.7986111111111,238.58673611111112,507.9910984848485,856.6409523809523,619.2716666666666,1848.3486274509803,255.00000000000003,1014.5447061524334,1107.6198556998559,920.7550633665851,609.4373585478849,839.8917927170869,1365.864730006835,873.6529629629629,247.21330761026414,385.10873081463996,470.7135839598997,380.0912280701754,358.825,1053.3709110586383,657.124,1161.1527777777778,774.1166666666668,747.7277777777779,630.0818181818181,1038.727536231884,819.8033333333335,469.37301587301585,259.04947628458496,1769.341333333333,35.0,89.8,218.6388888888889,326.1329966329966,582.1875,35.0,320.0,215.0,18.138351388888886,50.383694588744596,498.8438735177865,236.2,271.7311111111111,474.51587301587296,184.13888888888886,1708.5718,94.25266666666664,184.81438787878787,88.25633778258778,151.5244805194805,113.9883333333333,53.07777777777778,98.58252136752137,56.20648148148148,161.62709595959595,86.5856038647343,394.4215277777778,134.94544242424246,100.6081212121212,120.72669090909092,106.73173333333334,142.18180606060608,119.00863838383839,76.66230158730158,135.27772727272728,112.13010909090906,139.07609208972846,165.16666666666666,79.90231884057972,83.12962301587301,154.87077020202022,294.7757090909092,160.46756363636362,118.20833333333336,131.47853333333333,163.37770505050506,80.86586666666669,88.09826086956522,107.32335968379446,29.75841904761905,28.273866666666663,38.266104166666665,31.846129870129868,29.19086956521739,124.73633477633477,126.59469639577594,119.25813519813521,66.0650585858586,84.9313725490196,98.76746094485225,141.65623937790608,142.25392080745343,104.59081219806764,209.21466666666672,263.5813333333333,73.53624242424243,66.0,640.9412629399585,104.60213333333337,546.8181818181819,275.6521739130435,40.0,387.42106921401046,489.70241666666664,471.20799999999986,1493.4359999999997,299.0370476190477,554.3280000000001,60.34944444444445,714.6493333333333,208.94557575757577,172.6086956521739,566.3902777777778,2563.6114666666667,334.5458333333334,655.5113333333334,319.4986666666666,348.96399999999994,703.4055757575759,262.11999999999995,318.75,200.0,335.16666666666674,64.06666666666666,201.62698412698415,144.14306666666664,50.0,546.6041544853177,47.31884057971014,78.89,164.4152578947368
2018-10-01,78.74212669552671,75.26421604938272,108.73486670464038,86.03427272727272,90.53619318181818,65.75,93.12346666666669,144.43478260869566,156.175,230.01951388888892,231.6407638888889,199.12841491841493,260.7517127799737,62.07933333333333,430.281432748538,27.366533333333336,208.95430555555552,237.18875,503.46854166666674,861.1328571428572,625.9716666666667,1860.7298039215684,256.94246031746036,922.4917630853994,1043.4798412698412,849.6609714023351,565.5730462519936,818.9190289449114,1274.2410774410776,841.5906031746032,232.329429700734,326.4135882635883,405.10738361054155,340.96659755449235,349.37777777777774,1025.9632768680597,925.8125,1136.8959999999997,733.9043478260871,738.7861111111112,623.1257575757577,1048.123188405797,820.9456140350876,470.6365079365081,262.37423611111114,1766.9266666666667,35.0,82.64285714285714,222.29166666666666,327.17777777777775,583.7930253623189,35.0,323.55555555555554,217.1212121212121,16.033211111111115,49.25667778980279,503.4090909090909,239.16666666666666,272.08733333333333,476.2619047619047,218.80277777777778,1713.8797222222224,102.35027777777778,194.51043636363636,95.02147727272727,147.54327364554635,92.74813790074661,53.979476010101,71.78712698412699,62.16416666666667,173.61451910408434,86.687015993266,420.0930555555555,128.62254949494948,98.02133333333333,146.04496161616163,122.52093333333336,186.83322811447815,132.35218585858584,71.20066584209442,152.60370523415978,113.62866493506493,154.78825528007349,174.8186470143613,91.93781291172596,88.03593253968255,203.3318981481481,211.9015111111111,141.25986666666668,118.82729468599034,131.02195555555554,179.02611313131314,103.5301696969697,96.86381642512079,113.0684403036577,29.930775757575756,28.751345454545454,37.644276072747935,32.16504088504088,28.63965909090909,123.04267676767677,119.30689156053285,140.65656565656565,65.84093915343914,94.62860544217688,104.90268097643097,142.51244879349045,134.21944444444446,105.9955233886484,213.51600000000005,282.1064444444444,73.16830303030302,65.23333333333333,638.8740476190476,107.84247272727272,524.1666666666666,277.14285714285717,40.0,428.65310457516335,614.3377083333334,471.90799999999996,1510.8253333333332,301.8410666666667,552.3373333333332,60.76972222222222,719.9239999999999,502.7052525252524,172.17171717171715,547.8541666666666,2564.2573333333335,333.0104166666667,685.9573333333333,323.66266666666667,358.0346666666667,602.5843232323235,276.2106666666667,321.0,201.7391304347826,335.3,67.86666666666667,201.66666666666666,144.76486714975846,50.0,546.6041544853177,45.79888888888888,81.03,171.2248772727273
2018-11-01,80.48895975135974,76.27278904078378,108.64511463317385,88.02989057239057,91.387748015873,65.75,91.04853333333332,143.26388888888889,155.09920634920636,229.3074465811966,225.41150793650795,202.0042307692308,263.6189723320158,61.47,432.0175438596491,27.468533333333333,209.7361111111111,238.3692361111111,489.26647727272723,864.67,655.2083333333334,1859.3582352941175,256.81666666666666,933.6001377410468,1025.6398737373736,853.0702039879311,558.1509220779222,736.9427731092436,1208.3883897801545,819.1831904761905,211.75951126168525,325.31322751322745,365.6562619047619,329.15214285714285,351.76603334936664,1009.2638095238095,906.7402777777778,1129.9458333333334,705.3303030303028,709.3277777777778,614.2,1035.9513888888887,833.9722222222222,457.06984126984133,268.4240368357488,1745.8853333333332,35.0,83.35714285714286,223.54166666666666,327.35555555555555,585.0,35.0,323.55555555555554,217.12121212121212,16.724444612794613,49.48546759259259,502.5,239.2,267.99731111111106,492.0378787878788,216.64137254901962,1714.4886611111115,91.57180555555556,192.56813333333335,86.29650252525254,147.6419696969697,83.84526936026936,52.606874999999995,47.552152417027415,53.685555555555545,163.69757575757578,105.80646903820818,428.97866666666664,208.05250909090907,111.16213333333332,235.62862626262628,184.44952323232323,320.24066666666664,196.53282424242425,72.27848484848485,206.0442975206611,131.67701587301588,209.53390909090913,207.324347826087,118.94144927536232,96.44337301587302,298.54875000000004,338.8040363636364,208.03389090909096,213.42429292929293,232.6129333333333,345.7438303030303,308.90273939393944,159.50731732913553,195.66380952380956,30.98870476190476,30.206711111111108,38.3279445496633,32.714083333333335,30.204595959595963,149.20857142857142,144.3761509112868,127.94531230674087,69.95863636363639,102.10143097643099,104.36888888888889,144.33271942482472,184.69161616161614,118.73381359044998,212.98666666666668,455.4626666666667,73.92425,64.93055555555556,645.6094099378881,104.37193333333333,522.0833333333334,277.0575,40.0,399.0518394024277,480.64695098039215,479.26800000000014,1483.1773333333329,300.5466666666666,551.0853333333334,62.2068115942029,726.3906666666668,714.3472222222222,169.72222222222223,545.1638888888888,2606.0336,368.2666666666666,686.8166666666667,320.78133333333335,358.7426666666667,625.972,282.5306666666667,322.8,201.7391304347826,334.9,68.2,201.66666666666666,143.9601279890079,50.0,550.0,45.79888888888888,64.75,176.8496421052631
2018-12-01,82.37184370982553,78.05620564289511,110.42862093153758,89.79566252587992,92.15473785473785,62.41666666666667,91.05306666666665,144.84027777777777,154.99166666666667,230.11975961538462,230.3490277777778,199.01822222222222,264.5105037957212,61.28666666666666,434.7894736842106,27.3952,210.05902777777774,240.82173913043482,493.71329545454546,867.8680952380954,662.0833333333334,1860.2192156862743,257.3359133126935,978.6228337799764,1030.3440594254232,896.4291442374052,609.9259064327485,759.8740412528648,1292.7424083694086,860.0843831168831,216.04999999999998,367.3656338899196,416.371950937951,346.0722237411712,364.6839175485009,1042.8027417027417,922.8260869565215,1145.3041666666666,731.0303030303031,711.7666666666667,617.1920634920635,1066.1402777777778,876.7562500000001,440.52777777777777,273.05138888888894,1783.1386666666667,35.0,83.35714285714286,223.4,327.31388888888887,585.0,35.0,323.55555555555554,215.83333333333331,19.324719591750842,48.66877384891007,502.6136363636364,239.24,267.5545555555555,490.52272727272737,203.42592592592592,1696.1422555555555,86.13463804713804,183.57448232323227,83.24413299663298,143.50440771349864,111.4553409090909,52.41703703703703,37.46026301980847,52.9411111111111,142.68754313319533,87.39758642323861,439.84933333333345,171.5127878787879,98.99435555555554,165.82728484848485,168.04067070707072,287.57746724386726,170.05972640692642,74.80557894736842,190.11356749311298,124.5318787878788,201.32465564738294,190.91449275362316,104.524558629776,91.73184343434343,226.88530303030302,276.762602020202,177.75337777777779,231.08999560825646,233.75223434343437,358.7857535353536,308.16551111111113,129.62678085199826,186.6883787878788,31.08893333333333,30.075276190476192,37.93366919714745,32.92658333333333,29.726874999999996,150.06385858585855,145.21187775791037,119.9111515151515,69.61797138047139,92.17655844155844,102.79576388888891,145.63047696820726,179.07051681783827,111.74120971620971,219.7253333333333,625.9599595959596,75.63161616161617,65.20833333333333,658.1568454733673,105.31519595959595,524.6666666666666,276.30434782608694,40.0,383.2462268518519,482.83652941176473,495.37600000000003,1487.485333333333,303.3974222222222,564.2306666666667,61.32768115942029,726.1093333333333,675.6893518518517,172.84722222222223,524.0884057971015,2600.759466666667,332.2811594202899,692.2666666666667,321.556,358.4346666666667,572.5591111111112,282.01466666666664,324.8,206.95652173913044,332.4733333333333,69.53333333333333,201.66666666666666,144.40114166666666,50.0,551.7810496353011,45.79888888888888,57.36,180.09797
2019-01-01,85.22789494949495,80.15097402597404,111.09083929573512,87.67823853230104,92.14612727272728,62.75,90.56653333333333,148.10606060606062,155.15151515151516,235.25353174603174,227.94372063492062,176.5625,260.52143939393943,64.91999999999999,448.0908869395712,27.985200000000006,214.0138888888889,357.0654861111112,498.43472222222226,863.4246666666668,701.0714285714286,1846.6872916666666,256.94444444444446,1011.1695691609979,1063.0558015873016,900.3026082251082,632.6761300075586,751.2397660818714,1354.6937205387205,837.0433891712153,208.10265151515156,363.2778444307015,453.6207554112554,356.006015037594,366.1874766180322,1036.1349723424726,936.0879999999999,1154.0493333333332,744.7318181818183,711.613888888889,611.1439393939395,1058.588888888889,870.9470588235296,438.35238095238094,274.4433333333333,1773.4466666666667,35.0,111.14285714285714,222.13299748110833,327.6333333333334,585.0,35.0,323.55555555555554,216.07142857142858,20.35522474747475,46.20818682476943,502.10869565217394,238.4,268.06886724386726,636.0111111111111,218.59020833333332,1675.0748666666668,89.55780606060607,183.27696969696967,87.57578703703705,149.31725764134853,132.5971590909091,52.0818,43.46830480125935,52.7992,143.13623188405796,99.7828558880733,442.74722222222215,159.49574545454544,85.6744,141.1447474747475,575.8333333333333,216.29498181818184,144.4911515151515,76.72924052555629,165.45636802810714,119.05959595959594,161.58102327624067,155.17332454984628,94.96568927258858,89.16290824915825,199.3783093795094,182.14134545454544,148.0635878787879,181.80899410774416,183.70609696969694,293.71460202020205,151.71746666666667,104.35961352657004,149.92122843340235,30.874689754689754,29.735393939393933,38.097708810797045,32.09654761904762,141.0850714941624,29.95705808080808,131.9497118257404,131.08633670033672,68.91411435786436,84.98431024531025,100.95707671957672,145.94711059530138,174.87000233426707,94.9906283068783,222.304,535.6392045454546,385.0111111111112,67.95333333333333,925.3246753246752,103.9958909090909,361.8819444444444,276.26666666666665,40.0,403.2323965141613,478.18055258467024,499.5426666666666,1475.3546666666662,320.70943030303033,604.3973333333334,61.69333333333334,716.7626666666666,334.8278787878787,177.41071428571428,529.3623188405796,2814.5840000000003,330.0439393939394,68.36926666666665,333.2306666666667,517.8040606060606,489.61199999999997,363.3693333333333,324.76666666666665,199.58333333333334,326.3,69.63333333333333,201.78571428571428,154.97958333333332,50.0,551.7810496353012,41.4938132740785,59.41,182.1277363636364
2019-02-01,82.76564444444445,83.31041666666667,110.64985214773043,87.83278662309912,89.37053246753247,62.75,90.68173333333334,142.43055555555557,153.93939393939397,235.137,228.81705,206.59454545454543,264.2019696969697,60.69000000000001,456.588693957115,27.028533333333336,214.3888888888889,361.4114492753623,515.312123015873,865.6665079365079,693.41125,1848.3733333333334,255.26596491228068,1002.7957483930209,1070.9119393939393,907.5653855323422,631.4045406445407,750.7987037037037,1304.9840267335005,844.1308846226237,227.5624074074074,376.5744561258847,490.8494444444444,335.17779148629154,375.7168560606062,1015.4640067340065,696.2066666666665,1144.8813333333333,812.8530303030301,700.0208333333333,620.878787878788,1082.925,851.2964912280701,456.94444444444446,273.32194444444445,1741.1694444444447,35.0,117.44444444444444,220.2468513853904,327.34509803921566,584.375,35.0,323.55555555555554,213.88888888888886,20.04475561202083,44.78507536231884,504.6902173913044,239.5,267.85721313131313,659.8535353535352,267.21296296296293,1678.438055555556,81.29448888888888,173.75566580086578,84.69052889139846,143.30442148760332,167.0283122895623,51.46844444444444,74.17518253968254,53.506606060606074,143.28182476943348,115.58330146705147,435.4277777777778,113.74452121212119,72.49112727272727,117.08911515151514,370.79914529914527,170.96293333333332,116.0937696969697,78.20344792462438,137.27079992471297,110.12844848484849,129.88567493112947,132.1242160737813,85.48353679337231,83.94990338164253,157.29770505050504,146.63716363636362,107.62151111111112,114.07554677206852,135.30058181818183,210.27820606060604,100.58989898989897,87.42896464646465,108.96625384277559,30.735214646464645,29.10414545454545,36.4876935828877,31.772867965367965,124.7667195767196,29.75373316498317,124.4336932310114,119.83494047619048,68.0075925925926,75.19182161753591,97.75511700859525,150.88697683992422,162.74978835978834,83.88144444444444,263.72222222222223,395.0472525252526,374.11796536796544,67.53472222222221,919.2546583850931,103.35693333333333,366.12847222222223,279.59722222222223,40.0,395.32274509803915,515.8987745098038,497.0499999999999,1461.1305555555555,320.9128242424242,561.6736111111111,61.26069444444445,719.1444444444444,232.5335151515152,179.6875,526.3893939393939,2768.373611111111,349.23333333333335,67.31604166666666,317.3416666666667,873.5079999999999,297.24027777777775,352.38888888888886,325.0,205.8,320.43333333333334,69.8,202.6086956521739,123.05173333333332,50.0,562.2679435487763,39.900000000000006,63.96,178.7330611111111
2019-03-01,78.11770043290043,74.0625,107.67125787815127,84.16477137445887,87.35913333333333,62.75,90.40972222222221,147.77777777777777,154.6825396825397,240.29710144927537,225.3332236842105,178.52380952380955,259.9059523809524,60.708333333333336,457.5038138825325,27.121969696969696,214.0952380952381,381.8640151515151,505.23783643892335,876.8421052631579,709.375,1835.9375,257.36764705882354,959.595064279155,1035.194398989899,896.2200307422047,619.8204365079366,757.7990628085365,1262.1672658920027,855.4544595616023,210.3746169772257,402.02050505050505,463.20438095238086,338.4924235209235,373.32816257816256,972.6050589225591,669.7101449275362,1134.6527777777778,739.5396825396825,698.623188405797,604.1666666666666,1074.0,825.8823529411766,463.50877192982466,269.0079365079365,1733.4057971014495,35.0,110.59829059829059,221.03274559193954,328.76329773709637,585.0,35.0,323.55555555555554,214.50793650793653,18.943940325877826,43.84471029145657,502.5,243.5909090909091,264.7273333333333,656.3111111111111,197.27272727272728,1670.5381944444443,81.77786666666665,171.20875,84.85329380764163,150.3461419388692,138.05821308321308,53.564267676767685,76.01176046176046,54.120088383838386,150.2363383838384,82.81343434343434,426.3809523809524,135.01093333333333,75.97546666666668,114.57140952380952,268.36609496323786,156.1756606060606,114.0254787878788,77.05338311688311,127.87072390572389,107.39815757575757,128.7431129476584,131.57928374655648,84.40571497584541,80.06453353409874,150.79118888888888,140.76986666666664,100.71360000000003,109.5456102693603,127.62113939393939,184.20488888888886,93.49648484848485,84.13288537549408,108.06433884297522,31.04787457912458,29.47106481481481,36.532824361628705,31.90824915824916,123.14114832535884,29.376482213438734,122.4683963924964,122.85151515151517,69.07506666666666,82.89077412783296,99.82021776203595,151.3807966834173,136.41995628908128,81.67320000000001,321.80555555555566,378.31944444444446,371.9907407407407,68.33333333333333,917.8571428571429,103.16204242424241,365.4824561403509,280.0,40.0,329.16043447293447,511.2797619047619,510.5434782608695,1483.1159420289853,321.16324444444444,567.2463768115941,60.0,720.623188405797,201.8213333333333,177.69151138716353,509.44444444444446,2874.9999999999995,328.61111111111114,68.63043478260869,308.6231884057971,457.78200000000004,306.0869565217391,346.3333333333333,324.76190476190476,200.0,320.90277777777777,70.0,202.04545454545453,123.52569444444444,50.0,567.8488544469923,38.81944444444444,66.14,178.4297578947368
2019-04-01,76.77043232323231,64.75440917107584,105.72754214766715,85.1671858104858,86.4105471861472,69.42105263157895,95.29305555555555,153.04761904761904,163.48484848484847,238.26371635610766,224.64039855072465,193.86038961038963,259.9643939393939,60.77536231884058,465.66611842105266,26.969444444444445,217.53623188405797,352.9619565217391,513.1749639249639,883.0701754385966,714.6428571428571,1850.0,257.4842105263158,987.3929813664597,1050.0407407407406,909.6093716931217,656.4596615505707,760.9676428571428,1258.617860922147,858.5937603305784,215.29125603864736,386.4229142070051,474.07759156187717,373.09039416723624,384.06057098765433,997.2416768879267,684.0869565217392,1149.5694444444443,726.5,682.644927536232,579.125,1063.9855072463768,760.7962962962962,475.64814814814815,273.1026021080369,1718.4375000000002,35.0,112.54761904761905,220.6234256926952,346.7318469785575,585.0,35.0,323.55555555555554,215.75,19.938370576886882,45.36594190873539,503.38235294117646,250.52083333333334,268.5935261183261,647.957671957672,219.55555555555557,1680.8333333333335,86.7110101010101,175.7369696969697,88.78761528326744,150.99706192358366,100.18002946127946,53.81115502854634,59.541784547152204,53.663210364514704,150.6409494949495,85.52503105590061,428.5507246376811,116.9064507936508,81.21035151515152,129.374541991342,238.2265700483092,169.2986614718615,125.70793535353533,67.01294191919192,136.09021885521886,110.58105858585859,127.99455463728191,148.0344636844637,88.28630717108979,82.09591567852438,188.9681408631772,151.71829494949492,114.16711111111111,130.24020202020205,143.87271919191917,186.4847572871573,117.97575353535352,95.70830290482465,125.05041125541125,31.328271861471862,29.896477344877344,37.51206437779328,33.112959595959595,125.34127640036732,31.458215488215487,141.7461697931698,120.88734848484849,73.8853775853776,85.83333333333333,102.36667676767676,150.6951535120323,130.49604083051452,112.78215050505051,315.38888888888886,356.34983838383835,366.7355661881978,68.69565217391305,947.2049689440994,102.83627792207794,367.27272727272725,280.0,40.0,368.50649350649354,504.4813131313131,627.7847222222222,1461.597222222222,438.53346378066374,578.013888888889,61.666666666666664,712.0173611111112,308.6160808080808,175.81597222222226,499.97826086956513,2865.555555555556,370.2898550724638,69.41284722222221,332.29166666666663,487.8525252525253,313.75,357.86956521739125,325.0,198.05555555555554,321.0507246376812,70.0,210.0,124.0,50.0,570.7943666626315,38.09027777777778,71.23,174.801185
2019-05-01,78.09063838383837,74.81006493506493,101.60525813692479,86.24400043290044,85.86084595959596,69.28571428571429,90.32026666666665,148.48484848484847,155.45454545454547,247.99252430555555,225.14219333333335,180.53649038461538,263.30809617918317,60.92361111111111,470.39473684210526,27.27573333333333,224.65594202898552,356.8806823671497,509.05881422924904,860.8759649122807,729.2857142857143,1850.3752941176472,252.0304232804233,1025.6530303030304,1104.2508506113768,942.1265832235397,668.0237566137565,818.3364550264549,1348.5613614718613,906.5931247540339,247.0984057971014,448.9526649958229,522.5759649122807,438.80452950558214,400.9880050505051,1070.385180952381,695.6361111111112,1210.1826666666666,764.1045454545452,703.9724637681161,618.0523809523809,1113.671212121212,857.8333333333333,492.8685185185185,273.84875,1714.5708333333332,35.0,112.46153846153845,220.63979848866498,354.0740740740741,585.0,35.0,325.3333333333333,222.06349206349205,17.434465464165463,42.89506890645586,503.10526315789474,250.2777777777778,263.1749684343434,663.5185185185186,197.45238095238096,1662.6714666666664,79.4032,172.74116161616163,83.37287282765544,147.8049852264138,91.14139393939394,54.44527777777778,46.938846575877825,53.81984189723321,146.02898448773448,84.92575336700337,428.6014492753623,144.19390707070707,102.80848484848484,160.7055215007215,197.50334891774892,214.58353131313135,159.79718326118328,75.54019138755979,177.37842712842715,116.65374545454546,153.42756613756615,210.64140612473946,102.9043005599473,84.17373737373738,262.206294949495,195.79699393939393,134.0139393939394,165.35825208607818,159.9224,226.56769292929295,150.46466262626262,121.55449035812673,148.54555555555558,30.680020202020206,29.335127272727274,38.82111091433819,32.984736842105264,133.90419047619048,31.097506313131316,150.47624338624337,117.83034343434343,82.55111531986532,102.53991735537188,107.26834317197951,150.58935674378532,158.51683276616433,107.15718585858585,303.2626666666667,376.26901010101005,360.723885682219,68.7,915.5844155844156,104.15933333333334,372.27272727272725,280.0,40.0,371.7743333333333,473.13074074074075,515.3746666666667,1532.0263888888885,317.5276893939394,575.6933333333333,58.6524,711.7546666666668,572.3976161616162,181.875,471.39722222222224,2877.6066666666666,352.4847222222221,69.87780000000001,318.4533333333334,588.9674873737374,304.3333333333333,348.375,325.0,201.6,308.59722222222223,70.0,210.0,124.72460000000001,50.0,577.8066473757498,38.36666666666667,71.32,176.4446857142857
2019-06-01,79.31474545454545,76.44722222222222,101.60212195484254,85.79223030303031,85.99250909090908,71.1969696969697,90.51106666666666,148.03030303030303,155.23809523809524,282.75,249.97500000000002,178.87802884615382,268.03442028985506,61.17708333333332,470.39473684210526,27.175733333333334,222.03346666666664,350.18595712560386,502.00301136363635,885.6231746031746,719.16625,1859.4282352941175,258.55388471177946,1032.228025711662,1126.7696774891774,980.6758796296295,704.0638754895897,832.6866666666667,1388.4618297258298,906.169736136879,274.10835309617914,435.4480618212197,544.5807222222222,498.20520522687195,389.6624979958313,1072.9267636363638,685.9708333333333,1223.5240000000001,824.2195652173914,733.1111111111112,605.7924242424242,1101.8650793650795,875.0816666666665,494.487037037037,271.96972826086954,1762.5240000000003,35.0,110.92307692307692,220.4433249370277,359.1666666666667,585.0,35.0,325.3333333333333,214.77272727272728,17.312675206611573,41.3960284464605,503.0,251.1594202898551,261.05208874458873,671.578947368421,197.97619047619045,1656.0594666666666,79.62559999999999,175.11919999999998,82.03521739130433,147.56516666666664,96.21395555555554,54.46406455862977,47.38715823650035,55.86971014492754,156.56757575757572,83.67468434343432,434.99027777777775,140.48572121212123,121.77155555555555,155.15502222222224,231.6513930976431,224.6411474747475,150.53648484848486,73.71803921568628,160.98963924963923,116.69418181818182,153.73518518518517,221.03014175367116,98.11159499030711,84.29123737373737,222.70952690166973,213.35847272727267,135.22666666666666,154.21666666666667,155.71333333333337,245.25528888888886,124.24484848484846,119.04861799816345,155.92514285714284,30.7860202020202,29.397527272727274,38.86748970221698,33.014736842105265,134.28185714285718,31.221672979797983,155.33190980421097,117.99321428571427,89.32896825396824,88.61527151211361,107.80683794466404,148.43466583124476,190.84822727272726,111.25585194805194,304.08399999999995,377.86901010101013,366.9849967933302,70.0,938.3116883116885,104.37826666666668,375.6746031746032,280.0,40.0,394.45800505050505,478.55571969696973,517.3880000000001,1512.2,322.3411742424242,589.5613333333333,59.6,712.1786666666667,497.0546666666667,180.48611111111111,479.90833333333336,2841.157333333333,340.85416666666663,69.87046666666666,321.69466666666665,589.5944444444444,306.0973333333333,352.91249999999997,324.89130434782606,240.0,340.0,70.0,210.0,123.93439999999998,50.0,581.2059945362347,37.86666666666667,64.22,176.5888631578947
2019-07-01,79.85134545454547,76.52083333333334,98.47566490800867,85.4545138888889,86.12157407407405,68.86363636363636,91.14413333333336,149.20454545454547,155.45454545454547,256.33732998885176,224.5415543859649,183.8675396825397,275.00469696969697,60.873472222222226,467.33674463937615,26.690666666666665,226.64930555555551,353.5,499.1915593434343,876.501,716.3100000000001,1859.1502083333332,259.1073517126149,1045.5960665092484,1142.0292207792209,1006.1530047225501,709.713896103896,806.2632187420422,1419.3632481962482,914.8409393939394,292.1055242905242,474.5432272727274,561.0819696969697,466.9219865319865,398.88553791887125,1071.2840446127946,673.6291666666666,1248.1000000000001,854.3260869565216,810.9594202898551,632.6,1160.1565217391305,896.8316666666667,520.5981481481481,272.3338888888889,1754.8853333333332,35.0,114.90476190476191,222.83375314861456,358.0538419913419,585.1086956521739,35.0,325.3333333333333,215.29545454545453,19.141405665349147,39.47182228635562,505.40789473684214,251.96180555555554,257.8543604617605,660.8070175438596,203.93777777777777,1617.8667333333333,90.02513535353538,197.31463383838386,89.23119455423804,149.89870129870127,86.48455757575758,54.07430495430496,50.45936289775223,58.09504473304473,169.60139309764313,73.23833333333333,435.3188405797101,127.89457777777778,150.70228744588746,134.53826666666666,218.96530216450213,207.66810606060605,133.53302222222223,74.02814177489178,136.26656084656085,119.94963809523811,139.99346648301196,209.8050505050505,90.2143279220779,86.56507246376812,181.3576830808081,190.0403797979798,117.33066666666667,136.46891649413385,138.4709777777778,263.2187393939394,118.31911111111113,99.4898594642073,119.60714975845413,30.847288888888894,30.347743722943722,39.02055354683196,33.141541950113385,134.06410774410773,30.277361111111116,175.14229375916136,114.89416666666666,89.85930555555557,83.84727272727274,101.73127799736496,148.96808281533282,199.63129870129873,123.27783737373736,329.8853333333334,594.2786666666667,360.34452861952866,68.75,943.4523809523811,104.22053333333332,376.94444444444446,280.1041666666667,40.0,407.475744047619,498.16333333333336,510.6653333333335,1489.6200000000001,340.82441616161617,593.4826666666665,59.8,711.2106666666666,473.55777777777774,187.52314814814815,477.5916666666668,2812.5159999999996,330.8521739130435,70.5812,321.2906666666666,577.7033333333333,313.62533333333334,356.3666666666666,324.7916666666667,203.04,314.8819444444444,70.0,210.0,123.85381666666666,50.0,582.0845417778856,37.8,63.92,175.9901727272727
2019-08-01,80.64629696969696,79.52380952380953,97.62666666666668,85.16370630196522,86.86194444444446,69.36507936507935,90.87266666666665,149.96212121212122,155.45454545454547,259.38363782051283,215.14078333333333,181.8559047619048,279.76847763347763,61.63194444444445,470.39473684210526,27.03333333333333,236.25,357.2349305555555,497.5837400793651,881.9236842105263,730.73,1866.7595833333332,261.8412698412698,1101.4563780663782,1178.7793141945774,1044.0702892015395,697.7724444444444,806.3216666666667,1460.391812865497,907.9501712779974,297.8776297132818,460.1976991341991,527.0908513708514,458.37530784030787,384.9483124899792,1094.2853962241463,686.5319444444444,1264.4916666666666,845.6826086956521,809.9222222222222,637.2190476190476,1175.353623188406,893.5859649122807,518.8725490196078,274.46,1762.8866666666663,35.0,117.28571428571428,225.86272040302268,356.9932568438003,585.0,35.0,325.3333333333333,220.95238095238096,19.912530713383838,38.491779846079844,504.0277777777777,251.63194444444446,259.2987444444444,668.0877192982456,206.10777777777778,1608.4703333333332,105.51593535353537,213.69053451178453,98.09164690382083,159.80950319521747,96.01009696969697,53.8277978543196,66.14033704390846,58.06736111111112,163.55973124098122,65.6899494949495,436.0444444444445,139.71096565656563,106.62770909090908,139.448698989899,137.28365252525253,208.65645194805194,142.91482424242423,75.34130952380953,159.29599807599809,124.82141818181817,131.56347826086957,194.88513888888886,90.78226538108355,85.0715873015873,204.63122264309766,166.69401212121215,116.55873939393942,124.63574879227055,130.13333333333333,207.61294545454544,141.6767757575758,95.77871635610765,113.6919806763285,30.66109494949495,29.678868686868686,38.00566754501537,33.224888888888884,125.23929824561404,30.37194444444445,171.73285660509265,114.48717948717947,87.7920196007696,82.70983333333334,104.35586309523809,144.78017364117363,144.2488995215311,127.84941468253967,347.12266666666665,468.9033333333332,363.7593073593074,73.55072463768116,923.7012987012986,105.59800606060608,388.40909090909093,284.375,40.0,436.8943376068376,545.4552777777778,520.1306666666667,1475.1813333333334,357.6229333333333,594.4866666666667,60.627333333333326,713.5466666666666,448.3706666666666,186.61300505050505,479.6597222222221,2855.6679999999997,334.82083333333327,70.69479999999999,327.48533333333336,544.4402539682538,309.2093333333334,355.5347222222222,324.7916666666667,206.4,315.55555555555554,71.875,210.23809523809524,124.22083333333333,50.0,587.181830077979,38.26666666666667,59.04,177.97049
2019-09-01,82.65011515151515,82.03125,97.65886910774412,87.2854794973545,89.56395100069014,68.91666666666666,90.76679999999999,149.50757575757578,155.0,263.5146878483835,208.921,181.32603174603176,279.3060714285714,61.63194444444445,470.39473684210526,27.03333333333333,236.25,357.2349305555555,506.97333333333336,893.7076666666668,718.5714285714286,1872.9266666666665,261.38839009287926,1131.8392860578574,1223.2038490164805,1038.4685231193928,730.0302415128731,838.7841666666668,1428.0434935064932,944.9199092970523,304.55130853994484,482.8912280701755,551.6635858585859,435.8665204678362,399.8591069424403,1190.3800925925927,691.4388888888889,1279.1375000000003,838.5014492753623,823.9028985507246,671.7095238095237,1168.913043478261,890.4298245614035,487.84509803921566,272.222,1746.4053333333336,35.0,117.28571428571428,226.66498740554155,360.0472253189644,585.0,35.0,327.1111111111111,217.95454545454547,19.965718511198947,39.898882575757575,507.0833333333333,252.4,254.66318152958152,664.1428571428571,215.14583333333334,1588.5686,116.6767393939394,220.5947222222222,103.42183574879229,156.86683195592286,96.66631111111111,52.862560386473426,75.85695729222044,57.2637037037037,166.8288383838384,73.50652173913045,436.32400000000007,139.71096565656563,106.62770909090908,139.448698989899,137.28365252525253,208.65645194805194,142.91482424242423,75.31804761904762,159.29599807599809,124.82141818181817,141.35883379247016,194.88513888888886,90.78226538108355,88.86865800865803,242.50796356421358,157.74995555555557,134.1420484848485,126.91309617918311,130.37338181818183,207.61294545454544,148.9286303030303,104.62129117259553,125.19559508124726,30.76974545454545,29.221909956709954,37.43541125541125,32.58622589531681,130.89725490196076,30.505955555555555,162.52637896825394,120.76923076923077,93.26319999999998,83.50561728395061,104.24790343915345,142.13922220504364,147.14884477895842,149.47839230817493,358.8320000000001,374.2207878787878,356.85643274853805,73.55072463768116,923.7012987012986,106.25565656565655,385.22727272727275,286.25,40.0,413.8577831196581,500.3034375000001,543.0946666666666,1431.3733333333334,397.39888888888885,598.3333333333335,60.27053333333333,716.8253333333332,448.3706666666666,190.69444444444446,477.23888888888894,2838.0920000000006,321.19855072463764,70.47800000000001,327.3106666666667,544.4402539682538,310.312,352.39866666666666,324.6,214.9333333333333,307.7333333333333,71.875,210.0,122.78653333333332,50.0,594.8468671618892,38.13333333333333,62.83,180.77518
2019-10-01,87.85226666666668,82.36338545581965,99.23940643681715,90.38926810966811,95.31270833333333,64.05555555555556,90.50708333333334,149.88636363636363,155.43478260869566,263.60643939393935,202.34479166666665,184.1211471861472,280.0640372670807,61.708333333333336,470.39473684210526,27.277777777777782,230.7717391304348,361.2554347826087,509.196893939394,907.5328333333334,753.4255555555555,1878.2648888888887,261.9117324561404,1102.6406940836941,1172.0537777777777,986.2923602484472,679.838024691358,768.5157231040564,1321.2784006734007,904.7332972582973,255.57914486479703,461.53697619047614,474.90200000000004,390.7794018759019,392.8644398530762,1196.5332028619528,691.8218533231436,1289.4519777558105,874.5147834476944,814.2165205074144,636.963886339533,1157.119234890799,915.1882887673776,493.1035087719299,271.9996,1797.704,35.0,117.28571428571428,227.5425692695214,369.66886253842773,585.0,35.0,328.8888888888889,219.24242424242422,20.144618652362134,39.8645050441761,508.77450980392155,252.3,251.36890572390573,678.2456140350877,253.3520833333333,1556.8221999999994,105.99267878787877,212.60497474747476,98.20790513833992,152.28227272727273,82.28461818181819,54.46739130434783,62.22580447330447,56.44513888888889,165.87801932367148,80.69055555555555,433.6253333333334,145.75724848484847,121.25445656565653,161.35861471861472,175.51712711530897,249.62775873015872,157.69578989898991,82.97883597883599,163.8927032227032,131.0037818181818,155.94441558441557,196.4637928153718,92.49582713498623,88.82768366898802,229.56696422558923,173.41391111111108,156.92679999999996,139.3375318401405,150.19955555555555,267.18276936026933,170.4307434343434,112.96708333333332,141.84199593335956,30.4130101010101,30.07653333333333,37.84183687524597,32.96677248677249,129.70194444444445,30.303884848484845,149.99545318610538,132.3115750915751,94.44295757575757,84.70476190476191,100.06617724867725,141.5019289321789,232.96337017518178,266.14173473869124,350.45533333333333,430.61466666666666,359.1070426487093,71.81818181818181,946.4285714285714,106.3946666666667,386.3157894736842,287.10526315789474,40.0,431.49555555555554,538.7244444444444,564.7413333333333,1404.1853333333336,433.99078787878784,612.6826666666667,60.99426666666666,723.6413333333333,438.9329090909091,191.08695652173913,459.8944444444444,2767.558666666667,323.63768115942025,70.27526666666667,328.6759999999999,519.9437027417027,313.2373333333333,347.7360000000001,324.6,226.66666666666666,307.2569444444444,72.34722222222221,210.0,121.37620000000001,50.0,600.0,38.36666666666667,59.71,181.4511217391305
2019-11-01,91.97043636363637,87.7175925925926,103.18707644628097,96.69831313131311,98.86703703703704,67.03703703703704,90.69906666666665,150.94696969696972,156.88405797101447,261.3094071146245,204.87618333333336,192.00919913419912,279.4307246376812,61.43386666666666,470.39473684210526,27.399333333333335,239.87847222222226,362.9770138888889,505.1329512516469,909.8833333333334,763.8888888888889,1875.3175555555556,259.02859477124184,1074.3721424774055,1107.127538543328,956.3869264069267,685.6633426704016,765.8884313725491,1266.3609523809523,905.2863299663298,245.71792732520007,459.2528814460392,440.449494949495,380.2420893141946,371.2330547538881,1147.474071146245,699.5749999999999,1322.1826086956523,885.0116666666667,794.5097222222222,602.9166666666667,1127.636231884058,893.7745098039215,496.6816666666666,271.52660579710147,1811.0733333333335,35.0,117.28571428571428,229.2846347607053,372.59033816425125,585.0,35.0,328.8888888888889,219.92753623188403,20.136983869753436,40.01745303916357,510.2450980392157,252.4,251.8614057239057,682.5,204.88041666666666,1583.4993333333327,95.5664404040404,204.75604797979796,94.7337812911726,149.85763085399452,78.48438787878787,55.38848484848485,47.21310371286562,56.684861111111104,151.2580199510634,112.21342581660765,440.00000000000006,151.72785454545453,120.87624242424243,179.0881212121212,222.40214285714288,265.1023653198653,154.83000404040402,82.22952380952381,159.44202020202022,132.48701818181817,168.8852613087396,212.74711323763955,102.94397261383892,93.01732103645146,211.23999494949496,275.2746424242425,188.8489212121212,183.9608723599633,274.2104277056277,309.62845117845126,156.8113818181818,134.63964866051825,177.39636363636365,30.91697142857143,30.993599999999997,38.43225628267836,33.58166666666666,146.27210932857992,31.567466666666665,163.08193675889328,123.16060606060607,97.7650084175084,94.07326007326006,101.16733225108226,141.51884956709958,362.2307455507455,187.76497255160297,348.66266666666667,481.04484848484844,362.1623456790124,71.59722222222221,955.6277056277056,106.88579999999997,381.94444444444446,286.3636363636364,40.0,412.40687037037037,494.69870833333334,585.5533333333334,1385.4666666666667,454.09066666666666,603.0493333333333,60.855333333333334,717.248,404.46416969696975,191.07048748353097,458.04027777777776,2765.2946666666667,335.23623188405793,70.5546,330.28266666666667,506.42533670033663,323.5053333333333,350.95866666666666,324.6,232.32,306.18055555555554,75.33333333333333,210.0,120.80666666666667,50.0,600.0,38.28,63.21,180.3729368421053
2019-12-01,99.18148282828284,89.8,106.26100461133069,99.19511789321791,102.93941951987405,72.71929824561404,90.24900000000001,152.57575757575756,156.31944444444443,266.241884057971,208.93540000000002,193.81180555555557,277.06173913043483,61.27706666666668,470.39473684210526,26.625833333333333,244.8348611111111,364.5970833333334,505.38454545454545,910.4046666666667,773.75125,1874.9255555555553,263.9117647058823,1092.1431767676768,1132.9621544011545,975.4440548340549,721.6520141262247,770.5572549019607,1369.3948781043516,902.9727922077924,262.78519360269365,495.0757309941521,512.0901754385966,412.4536693465265,390.28679653679654,1138.22167027417,693.347222222222,1304.7971014492755,918.1222222222221,773.0797101449276,627.4287878787878,1137.7375000000002,871.3133333333335,507.93684210526317,271.5706202898551,1809.6226666666669,35.0,117.28571428571428,230.85642317380353,370.7959726708075,585.0,35.0,328.8888888888889,221.21212121212122,20.272456440178182,45.24399311321783,511.35416666666663,252.5,272.350156998557,673.7222222222223,205.00000000000003,1602.3901333333329,91.17127272727274,197.52627525252524,93.46331137461573,152.50180581323437,83.23416969696969,55.07847167325428,42.455481481481485,56.30020833333333,147.52074494949494,107.43338603425558,445.06666666666666,200.31781818181815,111.50755555555557,205.2726349206349,432.0634920634921,272.5873696969697,170.6552,85.03407196969697,192.23223599632692,138.449696969697,155.94441558441557,215.46627325890486,119.7527119681665,88.82768366898802,302.4838636363636,321.90145454545456,189.43421717171717,236.9754860291224,347.3491878787879,335.71750000000003,184.6965696969697,149.57805785123966,199.765,30.4130101010101,30.07653333333333,37.84183687524597,32.96677248677249,129.70194444444445,30.303884848484845,184.45113099346017,147.25777777777776,105.19861111111112,108.40406532861078,106.78273809523809,141.8651295410243,484.7754253056885,188.40505165289258,351.0039999999999,430.61466666666666,359.1070426487093,72.43055555555556,959.9567099567097,105.98456103896102,382.36842105263156,287.6818181818182,40.0,419.9760119047619,522.3734166666666,612.4733333333335,1367.028,463.8430303030304,610.9533333333334,61.029333333333334,714.0466666666667,319.17787878787885,190.36231884057972,470.0055555555556,2856.9066666666663,344.47536231884055,70.84866666666666,333.2546666666667,499.14624242424253,328.2906666666667,351.14399999999995,324.6,234.45333333333335,302.15277777777777,80.0,210.0,119.83173333333333,50.0,600.0,37.43333333333334,67.31,181.25391
2020-01-01,99.88531144781147,100.84602547211242,103.51548520923522,98.28465085639,101.85025252525253,68.57744107744108,89.71213333333333,153.40909090909093,156.3740458015267,299.341078892372,234.52517895299144,190.3905014124294,281.724227811325,61.218490990990986,470.39473684210515,28.36695402298851,237.1555164319249,243.05511511974512,513.59410430839,914.2473786407767,769.6,1831.4826126126125,263.5101554336468,1041.1202794175522,1128.6223253968253,1004.9207434594391,717.91350877193,790.5694117647059,1384.6259536927719,912.6500865800864,270.3585984848485,531.119126984127,553.4504010025063,408.27004784688995,411.4980158730159,1137.6251623376625,673.9635555555556,1339.4727493917273,9185.791327913279,758.9699999999999,615.3909657320871,1133.7912529550827,965.2793209876545,488.2448148148148,271.8438106187291,1825.7977777777778,36.875,126.73865414710487,234.92753623188403,366.3448490507314,584.6376811594203,34.89473684210526,331.85,221.5666666666667,20.225347222222226,50.397709736251414,510.79059829059827,251.5402298850575,288.81615151515155,506.955938697318,207.0210507246377,1659.0862538471836,90.82386666666669,192.1915019762846,93.5827536231884,148.3920442520443,90.31853333333332,54.02811594202899,55.68696712018141,57.16041666666667,148.5353391053391,154.99311904761905,443.7712328767123,220.8139878787878,133.51775252525252,228.510606060606,223.29330928330933,291.94120370370365,204.44512323232323,92.71901785714287,237.2053968253968,157.19510303030307,219.30047138047138,213.27154545454545,145.63858585858586,105.03094582185491,330.65414141414146,448.9848727272727,213.06991515151515,278.92727272727274,409.9649939393939,378.63527272727276,338.13733333333334,163.4843526170799,231.25126559714795,32.76613333333333,31.90893333333333,40.35199457766892,36.3678947368421,33.715555555555554,95.35306001188353,166.27956724987973,143.72051282051282,115.58095117845119,116.58791245791245,115.124283204718,143.20270412457913,518.0082972582973,146.2476851851852,356.10084388185663,479.0572121212122,368.60047846889955,75.0,658.6226748697757,106.30306782106783,377.26900584795317,290.08771929824564,40.16483516483517,434.4389723691946,502.0874249249249,632.4938034188035,1363.916557734205,516.3516727272726,612.2503267973856,60.94083333333334,725.0859872611466,261.0097373737374,187.64163372859028,484.24200913242004,2706.5254901960793,361.762962962963,709.448100273372,340.90322580645164,464.6248484848485,329.1045751633987,360.0666666666666,324.5275590551181,288.0,304.905303030303,79.52702702702703,210.0,119.89855072463769,50.0,579.75,38.57666666666666,63.65,181.4036428571429
2020-02-01,95.2663404882155,95.46126246941463,102.74343434343434,96.65807272727272,99.95634920634922,76.9219219219219,89.65372670807453,153.53710462287103,157.4975845410628,299.341078892372,234.52517895299144,198.47605001553276,283.9407608695652,61.339565217391296,470.39473684210515,27.427949310069565,234.68614718614717,248.58188340996327,512.8870091324201,905.6612538226299,762.0988888888888,1863.248108108108,266.41252805836143,1035.662116620753,1119.9721515151514,995.6561735366081,702.1889193522526,798.0590196078431,1363.040098845599,910.9242087542088,264.08539141414144,556.1379053694842,541.3358904837852,426.7355452484024,414.74326599326605,1167.006356132756,670.9849462365594,1294.3251173708925,9002.197435897437,755.5586129753915,612.2674185463659,1123.3404109589044,896.979614325069,495.7315315315315,270.5897376522848,1840.3712418300656,36.796875,114.80952380952382,235.0,364.4007437070938,586.14,35.75,329.6136363636364,226.15079365079367,20.20517676767677,59.4564130892256,509.53980099502485,252.390350877193,305.17005576599325,518.3482142857143,215.2816967032967,1678.5827560879425,91.17053333333334,190.04712121212117,95.21053140096618,149.560101010101,112.36938181818181,54.581062801932376,87.99867724867725,57.18486111111111,151.16954365079366,139.25258559622196,446.7690476190477,163.12470303030304,182.81982222222226,210.00001616161614,209.29971014492753,242.17752305665346,191.27546666666666,84.42210084033613,202.3319191919192,149.11,179.61955922865013,190.7089292929293,123.65046831955921,110.25072543617999,280.33977272727276,364.92429090909087,190.05495757575756,222.84236914600552,318.6543878787879,342.2153373737373,353.11280000000005,137.69968253968253,203.8725925925926,33.003600000000006,32.19,39.764878962107574,35.87269005847954,33.76082251082251,81.84717171717173,157.66000030062528,149.69444444444446,115.5231746031746,121.58730158730158,108.7363943785683,146.77959806397305,431.4845533254624,179.54141414141415,433.3108384458077,425.648,367.6169590643275,75.0,693.2320372980873,107.1768484848485,380.1315789473685,289.82323232323233,40.76086956521739,408.6884608373477,506.81370161290323,661.5766666666667,1421.6605485232067,560.6537696969697,636.1271221532089,60.13521472392639,776.9033542976939,222.1969696969697,186.28623188405797,481.89542483660125,2806.1822222222213,348.2689655172413,713.668530020704,333.3020703933747,434.97377777777774,323.9860416666667,349.84658385093167,322.6056338028169,288.0,304.905303030303,79.78125,210.0,117.43402777777777,50.0,581.8333333333334,38.57666666666666,55.66,181.5628
2020-03-01,93.29489314655184,92.88897988718607,101.54583337434735,96.69883806688279,99.49126239914152,77.39875389408101,89.53162393162393,154.38180451127818,158.921568627451,299.341078892372,234.52517895299144,192.15445161290324,286.1870070185969,60.98399527186761,470.394736842105,27.93222001722002,238.65058275058274,246.02518263001537,504.0966869918699,910.3690546496866,764.836,1870.2759420289856,268.5474358974359,925.499634271983,1080.4221133013975,956.0066109204936,580.5568215029704,780.3359249429105,1335.2387186471506,912.9004755801042,262.3880584433193,533.0648647192203,535.2843592221519,432.9274715649512,409.1020994332533,1147.7017680077292,654.4844801149844,1265.7843459356131,8995.302524791385,746.0146616541352,591.6362134398528,1084.3322836701273,891.6676631517215,470.1499226352772,267.6611615853659,1848.0666666666666,37.77777777777778,114.45901639344261,235.0,370.0555019019567,586.574074074074,37.36842105263158,326.3666666666667,236.19298245614036,19.543815350039743,64.69733068578769,510.24305555555554,252.42424242424244,340.23932016548764,539.0996168582376,221.52017777777777,1708.2578439993101,87.59235683048924,189.7998170042222,94.1773828509222,160.4410459313858,129.2150643926201,54.80604090864697,91.28815065933361,56.796169808589745,160.03602042972207,101.9577346449009,450.8132867132867,141.3897370260181,140.3830568257506,163.14294071175732,148.2540808799245,200.02870743636834,146.95861983133685,77.9636274509804,152.94024716013598,134.0445414176311,146.78269004213666,171.38502634301747,101.93325190372404,101.92381812647922,176.1897917128742,226.7715744637048,147.9875161082062,165.34099226256373,219.52493929452044,239.65778497183058,183.35785367375462,106.5807963751886,134.38982456140351,32.926533333333325,32.00819797562899,39.66778326023392,35.318771929824564,33.64782608695652,68.76351851851852,139.9787567939779,144.91057692307692,115.42620535405719,117.78480072225905,114.930112587729,129.87953197357305,310.2340144551343,172.76743785556366,479.63976939203343,362.74266122342175,367.2801666666666,75.0,711.454488260582,107.30685259326029,384.9425287356322,289.76388888888886,40.8433734939759,388.6664588902192,495.98151094276096,678.1260964912282,1466.2701631701632,531.7251723555834,637.4603485838779,59.89682222222223,841.9471111111112,228.94168905267537,184.24242424242425,471.2151724137931,2706.4617777777785,333.81594202898555,700.0771156947627,319.47612612612613,419.2315360467305,321.1675925925926,338.0688596491228,324.6788990825688,292.0,304.905303030303,80.0,210.0,116.93840579710144,50.0,583.859649122807,38.57666666666666,32.01,185.05668
2020-04-01,91.36631128675818,93.49692881471255,101.51324205344277,97.45376441723045,101.5273752229532,63.293650793650784,89.8116408804284,155.65240000000003,162.1011320754717,268.942286152437,210.57860714190159,188.94513749927165,288.71755298977916,61.83027322404371,470.39473684210526,27.58279145113982,223.10221560973753,243.4909154290752,477.1065947876549,875.840114440567,731.5112272211564,1790.2628940935526,262.1959512578616,1114.6075372775372,1172.2711161616162,1063.9187922705314,759.3944206349207,839.6772777777778,1477.4938333333334,955.3706114718616,287.74108613078835,535.6774621883986,570.9514472002494,467.8960550750806,426.766104112169,1270.24482312318,716.6619047619047,1326.5662650602408,8963.517461967544,747.9181292791169,616.2242017690317,1119.9511481383115,949.9290942759854,454.5439235445974,273.4421876634458,1821.3084967320267,38.392857142857146,135.66666666666666,235.0,376.02935139573066,594.0909090909091,38.38709677419355,322.083125,227.70833333333334,19.769703243616288,64.57082982603816,509.45652173913044,255.0,379.2697095959595,560.7142857142857,252.48130909090906,1701.95662932696,82.60726637419135,149.43349637369332,82.15583624351767,138.94893968751424,101.38388662494877,48.05062255495443,61.3772570672198,49.74744624369914,138.09743112653499,99.62583333333333,434.68888888888887,116.37431176043474,108.49952155683576,117.7937104933962,124.66396340758115,162.33973374791586,108.60614881798136,54.69148891365107,130.09435099100483,119.29182757090857,145.27780180533796,181.075,67.20643317388756,95.7798516210946,138.55303051147428,184.38630696915078,136.93641840982252,159.7986255670764,181.29633593382337,256.9241584737888,139.4946278134607,107.65719938004828,128.05,32.810303030303025,25.11666666666667,41.84880555555556,39.74466666666667,32.413030303030304,68.76351851851852,154.1763973493959,264.8534431152809,138.77718329468982,139.63911421493006,138.25150774022316,175.4621843434343,319.18656832298143,127.57870370370371,488.79374999999993,232.95866666666666,371.42857142857144,74.64285714285714,705.0563639993367,117.57319719565838,388.3333333333333,289.375,40.0,305.27364901253424,466.9882486328786,680.9113742441284,1498.6681627863777,625.1130742713449,643.5550075643476,59.714010416666675,810.2400997948665,357.98404919327146,224.07407407407405,473.57654945026076,2515.370154218083,324.37423448623406,677.1634083967829,327.0657114542745,372.3813120992306,323.412136881447,344.34868218302415,325.0,292.0,302.1621621621622,76.48148148148148,210.0,115.04120818399045,50.0,592.0833333333334,37.6825,18.38,193.0854055555556
2020-05-01,92.08105589004695,93.72663098170513,100.80182369975397,97.39892363064968,102.3614360849514,64.74358974358974,90.30333333333331,154.26558823529413,165.84745762711864,299.341078892372,234.52517895299144,214.71813988095238,312.9239070133964,60.8636137071651,477.26655651571133,27.45080242999697,248.33009708737862,239.85087394321434,506.4373089067721,885.0401662212191,798.8564409540164,1865.4181809975269,260.73160495162324,1036.261240373587,1123.6391977857998,995.9225801559544,670.0268280062857,727.9165320538959,1325.5148241541863,904.3949249451947,315.779740918399,486.5987793973899,618.0459663865546,520.3884089777027,452.3941798941799,1224.56398989899,722.3859766977598,1359.967276376905,9661.249037211015,765.8419213545569,629.7820224719102,1127.7830157706674,912.3562924004057,535.2333168093207,290.11187053708613,1906.354012345679,38.794642857142854,125.6190476190476,237.16666666666666,379.83359914938865,585.4979674796748,37.84615384615385,325.5862068965517,227.0048309178744,14.952959442488538,64.9471776294693,510.6034482758621,256.1316872427983,373.2196296296296,547.0052083333333,253.8383231638418,1697.018319984744,87.74723123707022,187.01802248677248,91.88309696892728,147.08650000000003,93.36432155546339,57.66772727272728,39.30142416225749,55.70839486011767,144.74819778883517,78.64893939393939,463.6081632653061,149.84,100.32922785220768,127.76819804380098,132.76144863388126,161.47787821882636,129.08050751639053,67.00986928104575,136.11453923446857,115.07358863195988,183.6,203.12,97.73378176073066,125.3,163.4803558635455,165.29977981368643,130.61394383170688,126.23031069917809,162.63447176542738,200.5,133.10929732103648,99.7988960220538,121.67015873015875,44.88,30.47,39.28120743506579,36.19176470588235,45.89,91.58,150.14508552789806,129.11521367521368,113.54957406057505,125.17867724867726,116.77676190476191,163.31127911573319,332.7788283373223,93.61791207891167,380.3609090909091,321.9,401.15000000000003,72.12121212121212,699.7687235640601,121.53016536796538,375.5251141552511,286.3157894736842,40.0,382.1537331802718,506.34966314731025,725.7790909090909,1551.5378787878788,568.1670926657882,684.8121212121213,60.035663716814156,1362.3916666666669,588.6,197.06944444444446,526.9230769230769,2810.6774691358028,343.07899999999995,740.6609868959869,344.0492492492492,413.1,354.84024024024023,347.84264264264266,324.77777777777777,292.0,304.905303030303,78.52201257861635,210.0,115.97383445945945,50.0,582.0883534136547,36.4325,29.38,187.8650470588235
2020-06-01,93.7888979076479,94.54117063492062,103.30960579824215,98.00290158730158,104.00977324263039,66.41666666666667,89.51702127659574,161.312925170068,167.14285714285714,314.46696670538137,237.01774480214618,197.52216463414635,343.0020422676282,60.75279642058165,478.1566751961488,28.560117486889872,256.8510273972603,245.08839675734805,529.1244682539682,907.9082000000001,778.0845454545455,1859.53,258.0190777153558,1114.6075372775372,1172.2711161616162,1063.9187922705314,759.3944206349207,839.6772777777778,1477.4938333333334,955.3706114718616,323.25775017253284,587.5276441102757,620.3709523809524,569.6193636363637,460.35283389450063,1215.0089436026938,722.9410256410257,1330.7809859154931,9617.730392156862,821.5638888888889,642.9159663865546,1144.596111111111,983.8625570776254,585.7302083333334,274.866656162465,1830.2627039627037,39.23076923076923,152.99099099099098,240.55555555555557,379.96187363834423,585.0681818181819,38.28947368421053,324.42857142857144,240.0793650793651,19.769703243616288,64.57082982603816,516.8611111111111,261.2464689265537,379.2697095959595,570.4794520547945,259.4474024096385,1629.888693007511,97.28119653679654,185.1279166666667,101.43278812974465,141.96651755651754,87.51320000000001,59.31072463768116,37.18625603864734,59.30487922705315,135.53460317460315,93.34000000000002,474.0452380952381,155.15851082251083,96.64385800865801,137.35628398268398,132.46483636363638,211.99030303030304,149.42320230880233,76.0257848324515,164.53910533910533,121.36638037518038,161.25739210284664,191.09446464646464,101.8831523022432,95.09361628709455,202.63110303030305,195.082967965368,152.24819047619047,157.29556998556998,189.57202655122654,215.33350418470417,180.9477541125541,118.09233372687918,154.55868838763575,31.175060317460314,30.3630101010101,36.761468038302276,33.388571428571424,31.41327122153209,65.1092959671907,169.14611667267914,146.14613095238093,114.66246060606059,91.37579365079365,115.32585978835981,175.4621843434343,316.3704578250033,95.49236111111111,329.2840860215054,313.21215584415586,366.0921052631579,72.75821596244131,681.2372934997071,135.8115212121212,375.2197802197802,287.11574074074076,40.0,463.5237214170692,517.3085551948052,733.3354022988506,1473.1157657657652,541.2302493506493,688.3928411633111,60.18289760348584,1661.6342857142856,621.6717575757576,190.3030303030303,536.3362612612613,2811.253237410072,337.2825980392156,745.4523178807947,388.3472766884532,507.27600000000007,360.25208333333325,367.2002207505519,324.52,292.0,302.03170798898066,78.52380952380952,210.0,115.04652777777778,50.0,585.8333333333334,38.57666666666666,40.27,185.9545238095238
2020-07-01,92.94321904761905,93.6901631575495,101.71088744588747,97.96302669552666,103.19824016563149,69.35606060606061,89.49351851851851,167.90570175438594,174.51736842105262,312.58000000000004,229.8425157894737,213.80452380952386,361.3893191919192,60.46999999999999,506.93268497330274,28.04267676767677,256.43333333333334,252.27859683794466,533.9176992753623,908.1744444444445,783.3329629629629,1878.3422916666666,259.370979020979,1086.195025767883,1158.2260317460318,1067.6016553287982,726.4830832130832,850.2171291866028,1460.0286419753088,915.6694271911663,320.05049689440995,559.692261904762,600.1537958532696,511.6986255411255,446.96620971620973,1229.2351272727271,685.6305555555555,1387.686574074074,9535.508771929826,892.7647342995169,649.9566137566137,1178.9101010101008,986.4703703703702,512.0,279.92385869565214,1843.8533333333335,40.0,116.66666666666667,242.70833333333334,380.0,585.5681818181819,40.0,335.843137254902,240.07936507936506,20.619717938311688,63.91810598950163,513.9705882352941,287.17105263157896,382.94347826086954,583.6153846153846,274.19510588235295,1595.0983715780994,111.8893777777778,218.52296897546898,107.81735177865612,150.90887926887928,82.77077294685989,59.767727272727264,37.301657811885086,69.93645087235997,147.4948611111111,73.97579710144927,474.4583333333333,129.01253333333335,98.3532,127.9580121212121,124.73733333333331,193.51591892955528,130.8331151515152,78.6763988095238,139.7972727272727,124.12426666666666,151.40458874458875,199.37122807017545,108.39782828282827,95.43109793588056,180.32143838383843,177.3992888888889,146.66363636363639,145.5427777777778,152.32199999999997,253.11208080808083,150.6680888888889,111.47621933621936,140.7508885850991,31.737127272727275,31.214266666666663,38.12137163299663,34.06939393939394,32.5968115942029,64.44979949874687,191.1598776585733,129.08416666666668,115.09698181818182,77.01274788703361,111.94516414141417,168.7162104464736,241.43999809014514,87.0454050925926,295.6506666666667,370.6065454545455,368.4122807017544,72.85714285714286,735.3709903381643,135.60991515151517,370.7763636363636,288.10606060606057,40.0,426.21999999999997,525.4472459893047,726.3666666666667,1377.5466666666669,495.09764444444437,695.2266666666665,58.94133333333333,2736.666666666666,470.17733333333325,190.41666666666669,519.9413333333334,2782.2083333333335,367.3027777777778,723.758,370.31866666666673,544.5975555555555,354.49305555555554,379.0626666666667,325.0,292.0,295.1665,79.16666666666667,211.52173913043478,114.56233333333333,50.0,579.6212121212121,38.57666666666666,43.24,185.8486956521739
2020-08-01,91.39206218671679,93.43470864883909,101.79559727711901,97.36912878787876,102.18237949301275,71.5909090909091,89.5048611111111,173.37121212121212,178.55,312.5221212121213,224.48120480549198,213.57478632478632,361.9702222222222,60.35333333333333,517.461013645224,28.136363636363637,254.16666666666663,253.07264987334645,534.1673596870965,1063.380570409982,783.5185185185185,1889.996693121693,257.78492647058823,1096.2449560178338,1160.0330950967598,1048.21789225332,713.157142857143,852.832671957672,1369.3096577227382,934.5540393583871,315.84953356828356,555.4510461760462,572.3039094650205,465.52197204968945,446.93041526374856,1227.02077830941,674.3569444444444,1333.3888888888887,9350.037037037038,884.3159420289855,654.9227272727272,1150.4246376811593,982.0145833333332,487.9196078431373,281.8232284020327,1858.5041666666666,39.411764705882355,120.72222222222223,243.33333333333334,377.42424242424244,585.0,38.901515151515156,341.57575757575756,241.3333333333334,22.129678661397087,64.53621238368015,513.75,286.7708333333333,372.9799120435244,582.3076923076923,266.91137254901963,1589.4233885327633,116.36123266856599,230.0587761674718,109.05454545454546,151.98486566343712,88.32499516908211,61.55527176527176,55.49182728647014,68.17533943329398,154.2650186071239,67.63318236714976,480.0453333333334,144.30198489727903,117.64268398268396,139.94666666666666,123.33050505050505,191.54373278236915,135.75575757575757,79.01547619047618,149.53091630591632,126.23515151515151,152.35695603999176,194.32417171585254,108.42640692640695,93.53768277177369,222.00222222222223,173.3444444444445,154.5353535353535,145.32235397452789,146.14343434343434,278.094265202656,125.6848484848485,106.28347107438017,142.98030303030302,31.640000000000004,30.80879653679653,38.14565984368699,33.16233766233766,32.674010289227674,62.68293256451151,184.5712263801197,135.48458333333332,111.74118326118325,72.99747474747475,114.1863442896709,170.6672877996489,203.8508237235317,98.08050800585127,293.5393333333334,368.5373131313132,374.66547049441783,74.05797101449275,776.6897064288369,135.37969111969107,354.64285714285717,290.3281818181818,40.0,417.5036607142857,509.53179012345674,719.3293333333332,1329.9693333333335,481.8108459595959,692.3759999999999,58.40626666666667,3016.157575757575,341.7435151515152,189.9590277777778,516.6026666666667,2635.361111111111,385.83194444444445,717.7124444444445,357.532,523.7564444444444,349.7706666666667,385.95733333333334,324.7826086956522,292.0,296.4347826086956,79.16666666666667,212.95454545454547,114.02393333333333,50.0,578.6668333333333,38.57666666666666,44.74,184.893855
2020-09-01,93.26913313833951,94.74003231627326,101.99509970032935,97.58374721802079,102.38813844001956,73.52083333333333,89.37578773889844,184.50694444444443,190.53571428571428,320.26199863150055,225.15499195904056,213.5328480305464,368.68266369702513,60.44306666666667,529.1228070175438,28.462654164923446,262.41359448165406,257.23425867713456,531.2108898185659,912.8272292327387,792.1235728672302,1882.1130103098967,257.3235294117647,1089.3788352142822,1151.2201866490702,1014.8456523770747,729.6863192651371,847.289418684664,1385.148117552431,912.3203133628796,295.9539506682366,498.20293411063705,517.1952035129418,439.8471801353322,432.1083926882623,1231.143314179654,675.0,1343.1194444444443,9211.31666666667,850.1565217391305,644.7869565217391,1143.0521739130436,1034.3833333333332,495.6481481481481,282.407142007597,1866.8884858320744,40.0,122.42424242424242,244.82608695652175,380.0,585.0,39.696969696969695,349.9365079365079,247.77777777777777,21.171115669411417,70.13495468367506,522.5,297.95454545454544,364.2996082476059,581.0574404472349,253.01306809930287,1578.478516895113,128.2610037919426,243.7012883848616,115.63499119495185,156.29356512919495,100.14899648997712,62.59863635864785,78.34484543341875,66.19562852148948,149.07666719903028,74.12160818854343,485.9493333333333,141.5699673864092,150.92733074670184,164.35988464810544,131.73672447574688,219.1556926279951,154.49596435452386,86.36825444088755,177.1928468044879,132.0360488027093,155.90032604550757,191.9745107598981,108.81047415761653,94.57526762417693,241.96064371158832,182.1243461847272,157.316938729785,148.5799757473775,142.12302352209647,300.7193840420428,160.42287640506055,110.59042957112976,146.3882859738282,31.73976163783862,30.44272655357102,38.167921680293844,32.21140943690591,32.55796137118724,63.04992959927599,162.2241268908301,129.38405021824514,109.66592615333433,89.77037329408493,109.26232836883088,170.95511849299317,179.00372267323843,152.08194272186802,290.98194734528795,334.1619393939394,377.4228070175439,73.66798785939123,895.6757842443233,134.9872199436024,347.22222222222223,292.6890909090909,40.0,476.29628719581916,538.2247590036078,722.1282696217252,1307.235792447466,488.7780653418857,699.6877070309172,59.2773488460167,3323.0040342582565,253.79145454545454,191.45833333333337,504.501420564793,2664.0367750139903,400.5862908439208,731.2304322098242,349.3780043951083,502.9437575757577,356.5521264852543,368.6566745617447,324.7826086956522,300.0,278.5507246376811,79.16666666666667,213.04347826086956,113.61866666666666,50.0,572.76,38.57666666666666,40.91,185.0317285714285
2020-10-01,96.15059797979798,96.0136341677646,104.81031366294525,98.7141619047619,103.87863425925927,86.29629629629629,89.98645026737968,188.4920634920635,201.5222222222222,347.4457565187006,233.31066273827824,212.80769230769226,387.54144753408355,60.451388888888886,542.1052631578946,28.471136834180314,250.57133838383842,260.11982048748354,519.2841944261027,913.3504222108438,817.5,1898.689166720085,257.76623774509807,1075.206738095238,1171.7877777777778,993.3347826086957,691.810572871573,872.5710364145659,1365.8879076479077,912.5393055555555,271.9192069765983,501.51166666666677,482.1035185185185,442.2911992101466,435.318696221474,1188.7426623376623,659.2305555555556,1344.0666666666666,9413.716666666664,826.8939393939394,672.1159420289854,1184.9454545454546,1084.5962962962963,539.8823529411765,277.54769288095235,1882.8597222222222,39.72222222222222,142.05128205128204,244.2,380.0,585.0,39.696969696969695,346.0952380952381,248.8888888888889,17.83503247783962,70.36060560511318,521.6666666666666,293.3333333333333,361.40762205387205,605.0,261.4595588235294,1576.1859103563288,105.5632,224.90055555555557,101.52347222222222,156.87247234247232,78.55266666666667,63.661833333333334,68.87942592592591,64.58652892561983,150.92513888888888,74.22666666666667,484.972,142.888,122.85173333333336,162.6923148148148,131.54968888888885,249.27678524374176,150.12922424242421,81.13553571428572,156.4783888888889,133.084,148.48603174603176,177.07317384370015,102.78883333333333,95.94660173160173,227.82611111111103,187.7053333333333,152.98666666666668,140.45014492753623,136.83706666666666,292.0898666666667,159.24133333333333,114.10506060606058,141.77189995189994,31.635733333333334,30.266533333333328,38.539798109938104,32.585507246376814,32.77175983436853,66.54171212121211,165.76177538370717,145.57888888888888,106.53800230880229,120.41666666666666,105.403933747412,176.8566116478319,263.5286875,197.6343125872939,300.8541666666667,375.88222222222214,366.6701754385965,73.78787878787878,782.1195092273177,133.73637575757573,345.8333333333333,293.45238095238096,40.0,498.017797017797,545.7818979266348,726.2133333333333,1328.848,535.1531515151513,709.1573333333332,58.6,3937.491666666667,243.34133333333335,188.04444444444445,520.3375,2761.0347222222226,453.17971014492747,731.8406666666667,351.2973333333334,487.716,371.64722222222224,362.7893333333333,324.7826086956522,300.0,288.3333333333333,79.16666666666667,216.30434782608697,114.8408,50.0,560.0,38.57666666666666,40.19,184.43791
2020-11-01,95.24406415343915,97.01250979179552,109.22207574696546,100.97347312409813,106.83920634920635,92.01960784313725,90.46890432098765,190.49382716049382,189.75,381.97274305555555,236.28447165756953,214.31658520867742,415.82394831838315,60.28985507246376,542.1052631578946,27.70012234142669,258.00189393939394,259.00178173276004,512.8695048309178,931.1961451247165,827.2351201358275,1895.0745444444447,257.6764705882353,853.9646528779863,957.8960416666667,800.1250694444445,565.8006535947712,657.0297435897436,1152.5462222222225,739.7142857142857,219.85621212121214,367.56972222222225,367.96875,388.3038888888889,416.73015873015873,924.3820467836258,670.2260869565216,1346.0625000000002,9442.936507936507,811.7060606060606,660.6575757575757,1184.3727272727274,1045.0508771929824,500.5458333333334,284.65269323836674,1902.9710144927535,39.72222222222222,142.05128205128204,244.2,380.0,574.8333333333334,39.696969696969695,346.0952380952381,248.8888888888889,16.83388896103896,71.93377318506704,521.6666666666666,293.3333333333333,366.53203282828275,605.0,261.4595588235294,1555.866898148148,99.9492098124098,203.06384403036577,95.81353174603176,152.46485260770976,75.65860259740259,62.45348484848484,58.8108449074074,63.136014692378325,139.13448893698893,86.11884057971017,492.08888888888885,147.75792727272727,117.44332121212123,164.38641414141412,126.28337121212122,242.09627705627707,148.82982857142858,76.4448051948052,159.32486363636366,132.04930909090908,155.18326118326118,154.89222816399285,103.77866666666667,97.29038647342995,228.82295757575758,202.43061818181818,151.47075396825397,140.76375000000002,136.36921731601734,296.5285494949496,143.87173333333334,108.15382257953686,139.25809523809525,32.29813333333333,30.839260606060602,39.31653007346189,34.15893939393939,33.193689064558626,63.899907407407404,193.0929883248065,149.39393939393938,103.99790101010099,92.44444444444444,100.28482213438735,186.5263348765432,333.9938398268398,226.83701558884422,339.1586666666667,359.5077142857143,377.6740196078431,73.37121212121212,929.5138888888889,129.57575670995672,346.7195767195767,293.5980952380952,40.0,482.0436507936508,546.5921052631579,741.1546666666668,1383.62,557.8344991582493,706.8560000000001,58.8,4643.703703703704,316.60266666666666,189.37500000000003,549.1026666666667,2869.361111111111,513.1666666666666,711.7386666666666,363.8653333333334,484.55723809523806,386.24800000000005,377.4386666666666,324.7826086956522,300.0,286.95652173913044,79.16666666666667,217.14285714285714,114.74118055555556,50.0,560.0,38.57666666666666,42.69,184.7882
2020-12-01,97.21721416931658,98.37181719795356,115.56074735449737,103.29246513720197,109.42488636363638,88.01851851851852,90.11446759259258,198.64197530864197,190.75,390.0242128388897,238.0002803242953,216.02638888888887,433.7676463293651,60.33333333333333,542.1052631578946,27.73863274406753,251.55797101449278,258.6756491545894,516.445415839947,944.8159722222223,824.642527543235,1920.983893557423,257.71200980392155,970.3839712918659,1045.091416396104,892.4104761904762,673.7401960784313,762.7849702380952,1297.3445767195767,797.525925925926,238.5852314814815,421.31031746031744,452.44828042328044,391.19345238095235,425.93209876543216,984.7823593073593,677.4532004830918,1362.5133547008547,9528.429487179486,805.9081196581196,670.0175865800867,1188.5471189164368,1045.7863408521305,512.4570356962141,282.3201228918141,1902.9710144927535,39.411764705882355,133.14814814814812,244.16666666666666,380.0,585.0,39.16666666666667,358.125,251.13636363636368,18.790047981532354,78.25851237080305,521.0294117647059,295.6818181818182,374.9265948172199,617.2555555555556,253.30355714285716,1580.5763276798432,95.46526515151514,203.4285263347764,93.66256313131312,148.83833333333334,76.01399826839827,63.16747015610652,50.45442531179138,63.68778344671201,143.01730324074072,116.48737373737374,488.9484848484849,183.00984126984125,129.9496613693324,205.51233663388268,145.82287581699345,282.62694310520396,174.8848407148407,79.21101774042951,212.90138888888887,129.96266287878788,175.36610685941042,180.84703901762725,126.19248737373739,101.23897188136618,248.37588731529905,229.1281841034782,137.0446097883598,155.21285400329518,142.54204140866872,341.6250358330467,140.9595575666164,118.04034102471603,152.18216783216783,32.44470588235294,30.38333333333333,39.50569188678786,34.10474308300395,32.777173913043484,65.80375054112554,227.77662130663344,146.03846153846155,100.08877233877234,128.48958333333331,102.73262327949827,183.42929281140064,426.5305799220273,215.91953946433642,339.1586666666667,448.42822222222225,379.8423721340389,73.80952380952381,954.5043760587239,121.13688856024866,335.0,296.42857142857144,40.0,466.6099537037037,557.4313725490197,741.1546666666668,1383.62,568.5719073083778,706.8560000000001,58.8,4643.703703703704,360.62914285714277,191.80555555555557,549.1026666666667,2869.361111111111,513.1666666666666,711.7386666666666,363.8653333333334,481.35466666666673,386.24800000000005,377.4386666666666,325.2631578947368,300.0,286.95652173913044,79.16666666666667,223.1818181818182,115.74733333333333,50.0,560.0,38.57666666666666,49.99,187.1822047619048
2021-01-01,101.36,99.26094207724643,123.10528499278499,111.54543479414455,113.85875639512005,86.54166666666667,90.42680555555553,224.6078431372549,354.92424242424244,414.7831917211329,242.47113526570052,218.9067803030303,464.88104619565223,60.15217391304348,515.8096384530165,27.709361471861477,255.18055555555563,261.8708728997452,516.4252971420939,906.0648148148148,843.75,1926.9100140056025,261.84589460784315,992.4130545380546,1094.0092261904763,939.961691747406,658.9323498139287,766.6999183006536,1224.296590909091,840.0993265993268,240.32970169926688,450.8712515782828,450.65314327485385,382.248299963925,434.0635166601076,1006.4044544470681,659.7652777777778,1370.126388888889,962.687037037037,789.4106060606064,721.6666666666665,1214.9893939393937,1021.3561403508772,549.9745098039217,289.60784220205176,1839.1625,39.6875,141.8803418803419,248.36805555555554,379.62682850918145,583.75,39.24242424242424,353.59090909090907,251.30701754385967,16.8370208762798,81.97268112825179,520.8088235294117,291.25,375.28449750288786,613.313725490196,306.27019607843135,1576.2791055555554,97.14616666666667,201.4754794973545,93.06459651459653,150.4801452020202,80.81877705627707,63.33987193362193,45.415071770334926,62.60347985347984,143.69639174482924,169.29422514619884,517.5712121212122,177.7940313919279,168.47240115440115,197.0207055406146,166.38939510271902,297.7084592103299,177.34793150226406,80.78932178932179,199.21568094397392,127.69791018512493,176.06692953014547,156.5308885491923,134.1951575878971,105.43478754479393,226.71635230698624,205.07204000878355,122.58062909030133,192.91280535461127,144.9730061403509,333.21518599383137,175.55509499242177,121.95228171038448,170.9618946886447,32.89,31.006633333333333,43.884033227616115,35.01377410468319,33.201692247146795,64.73090044642858,186.56769193521427,139.15140415140417,91.99408002085634,118.21626984126983,112.84002935825184,185.9561215277357,535.9984626773689,131.8692747601614,340.068,632.4506666666668,380.50272593011573,74.71014492753623,975.8232699311608,120.33848073838786,329.20454545454544,295.5681818181818,41.666666666666664,542.16725,558.6513157894736,769.4493333333332,1416.8194444444448,578.8127452320641,717.5933333333332,58.40972222222223,5157.444444444444,359.9415757575757,191.2689393939394,577.1519999999999,3017.9500000000003,775.5434782608698,727.478,360.5053333333334,484.4711515151516,388.6746666666667,377.02533333333326,313.1578947368421,288.0,284.93055555555554,79.16666666666667,224.66666666666666,116.47369999999998,50.0,563.6,38.57666666666666,54.77,190.4918052631579
2021-02-01,104.23,100.62831304903676,124.69304220085473,114.90966621463843,109.92515036317558,86.31372549019608,90.225828460039,228.0,210.35714285714286,467.5699404761905,236.82574877186224,209.17757936507937,475.65165580120936,60.224637681159415,522.0433394022496,28.392028985507245,258.6127777777778,261.2862060041408,517.5938740079365,926.6826923076924,872.1296296296297,1902.1805223285487,255.5775054466231,1006.8156336088155,1106.9778997186972,997.3597984470102,662.1646825396825,803.7291666666666,1290.179380449623,880.0271132376394,249.0413194444444,508.8572540674254,510.8928127907176,421.51890030181505,426.62878787878793,1054.6808535908535,669.6166666666666,1360.1826666666666,958.8277777777779,792.1303030303033,747.461403508772,1216.1666666666667,1048.2444444444445,539.7058823529412,292.2852289340776,1840.0958333333333,39.6875,145.37037037037038,251.1111111111111,379.7248677248678,583.75,39.48863636363637,355.6363636363636,259.86111111111114,17.93853535353535,83.24884361833294,520.8088235294117,296.0333333333333,380.49779649565835,631.5666666666666,322.0833333333333,1592.5852405356081,96.42963203463205,197.39032726532727,95.34868614718614,155.2362209046992,87.652293006993,64.12266139657444,55.60879629629629,64.07704596990311,142.7807683982684,151.3585164835165,497.11666666666673,224.99648407148408,181.58740144168058,197.97772630147628,186.10215465361415,284.66033902240804,191.8227230432403,80.50125313283208,211.6655107422771,132.07272080410013,189.52779439811528,162.38426401222844,124.94063804751504,105.45759980508622,208.88796969696966,217.08729824561405,142.4057312576766,245.24121071252375,170.62031830915174,412.45295173961836,234.24753054829478,135.4712009071781,186.87599295923548,33.8930303030303,32.175555555555555,42.680645743145746,34.926767676767675,34.13257575757576,71.3655072129217,162.3504005287811,142.92615227909346,87.63214526214526,118.82068452380953,111.29229013739884,184.74599363496586,499.12482958698354,124.63274810937855,347.9333333333333,751.1933131313131,387.42427709387846,75.43478260869566,988.8531037414965,114.70582540937325,345.625,297.7173913043478,42.45098039215686,551.4280303030303,565.7209429824561,790.1466666666665,1423.923611111111,570.9021103896104,735.3026666666666,58.02777777777777,4967.139583333334,302.38024242424245,191.45833333333331,576.452,3020.777333333333,739.8608695652173,735.5366666666667,365.968,474.05438383838396,389.0426666666667,380.024,320.3333333333333,288.0,283.54166666666663,79.375,225.0,116.21482318840579,50.0,558.5,38.57666666666666,62.28,194.0665055555555
2021-03-01,108.58,99.71140046296297,129.11345278442317,108.55566088259567,111.6741520556738,90.07291666666667,90.05544908466818,231.07142857142858,242.63888888888889,599.7349438755689,237.56845080135992,203.82037037037037,537.453216374269,60.52777777777777,523.3148340768478,28.944202898550724,263.88888888888897,273.58741837872276,531.3686192279943,951.7460317460318,861.4166666666667,1903.2933075696235,255.51754385964915,1020.7949134199135,1114.2356825994864,985.6754040404039,689.0164682539682,836.3566112250323,1289.1076516076514,872.5964912280702,234.39327223702222,489.9565340909091,491.88194444444446,398.9586339586339,415.0451388888889,1044.4876923076924,674.9057115723783,1378.2106601731602,900.734886752485,801.3986153400031,733.2619047619048,1265.6816567206592,1052.1780303030305,518.4703703703703,292.7924754140787,1839.9458333333334,39.6875,160.6837606837607,258.3333333333333,379.8743315508022,581.0,39.31818181818182,355.45454545454544,260.18518518518516,17.748557373182372,82.70549242424241,520.953947368421,300.1666666666667,377.06264486381673,642.9133333333333,323.953125,1640.2989840510368,100.18754761904762,201.12454154641657,97.38464607614605,157.26328502415458,100.71072261072263,65.24077311577311,74.99801587301587,64.32060399917543,148.80080278517775,135.93486942350577,495.69027777777785,141.54088661551575,143.23916712273237,168.50026350461135,160.20481169590641,237.57258979206054,158.12187845049687,78.81018518518518,188.89992098934204,122.09020104895104,148.0483982683983,140.8616282441641,107.33816115702479,100.44036961553945,208.13399787347151,211.28844971453668,154.80017155248132,176.55305106527933,161.2572062732589,326.4632679425838,211.59486385595082,120.43481472808003,155.93213296398895,33.82333333333334,31.775000000000006,42.82079883722574,35.635904499540864,33.9469696969697,65.70406755525175,150.95360996205505,132.96133333333333,83.85959090909091,111.22655122655124,101.70807576383591,187.44545923520923,320.0745022819649,123.63261836794447,366.356,486.93676767676766,381.7834891971721,75.65217391304348,978.85152000777,115.25831537222842,339.4047619047619,299.3478260869565,42.40196078431372,536.1435185185185,559.6464962121213,785.5626666666667,1380.9320000000002,571.1053062678063,738.3853333333332,58.18666666666667,4332.748148148147,256.2588484848485,195.3125,580.8239999999998,2906.953333333333,646.9855072463769,736.8926666666666,368.10400000000004,445.07593939393934,373.24533333333335,387.1653333333333,326.8421052631579,288.0,282.8611111111111,79.58333333333333,226.4393939393939,116.93873623188405,50.0,558.5,38.57666666666666,65.41,196.9825363636363
2021-04-01,111.21,99.29894943805988,126.07731897487383,104.79657068676886,111.34069835541608,113.08823529411765,89.45140023631308,285.8333333333333,257.25,718.3552500993459,246.41397110496933,224.5480134688151,591.3303266745882,60.42361111111111,516.6967804474955,28.743939393939392,270.83333333333337,257.3140144630937,568.6154953071116,1103.0276477874081,895.6303389526424,1925.9289077252874,255.1228070175439,1095.315916003983,1141.1180489782287,1000.1587863229063,760.810309989118,843.0642165607245,1338.6358015871476,884.4672415709125,248.48739247369733,526.3084743553435,538.9022163926093,453.00970003649655,452.3016975308642,1111.2754072311761,678.2849471252554,1417.284971987489,934.7956032108833,865.5487928072957,744.072070643959,1305.2513981196616,1077.178157707548,524.0318097771647,298.05249149549286,1831.0818038417185,39.705882352941174,172.22222222222223,264.44202898550725,379.82404040404043,582.4,39.60317460317461,354.2028985507246,254.25925925925927,16.463591638485013,75.78637842403955,521.7105263157895,310.32986111111114,432.23146321973695,691.7333333333333,342.76763143776964,1749.0265241467075,109.3483150302859,222.7293130805431,105.59433929502008,161.96927633423624,113.43452497020843,66.04152243785222,81.58156063943701,67.74337151950276,151.93954194814575,105.19271167849593,487.29969412682414,188.04207292212155,123.63432305985002,151.84887885215537,140.9907513635754,221.60117653432627,146.28011100854127,76.34550674623276,165.1256313266268,119.96467935378678,138.21199920832328,150.5574773826812,100.37994568053061,98.9574286756516,197.27409889399843,203.3803800936259,152.2499142168862,152.71600350668064,154.7837178926286,274.91778268560546,152.86854046755812,114.28049797525601,151.1019329949452,33.39255354104264,32.18616119117964,43.6594462346342,35.755375203761304,32.88200818378092,64.04543576409873,143.0441734068027,136.55227272727274,86.51201305970444,115.29454307407198,98.01634805556706,191.70584682806987,311.88362620227275,102.8981120140705,374.85798561198146,404.24266666666676,386.89854497354503,76.18055555555556,979.3381991731701,116.43823780689583,334.2857142857143,298.75,41.57407407407407,503.8070020284893,567.5330089701306,778.7956943267975,1380.1139553182284,571.9831263947008,751.1878753461355,58.20666666666667,4320.553032471256,231.42,198.40593434343435,573.2875373703109,3065.7271172891215,594.1867161235004,721.7962082299289,376.0564936979162,445.0169696969697,372.62058719815377,389.40155091938345,329.92928609937354,288.0,282.5694444444444,80.97222222222223,239.92063492063494,117.14004545454546,50.0,566.0,38.57666666666666,64.81,197.4230444444445
2021-05-01,114.36,99.39081655610408,134.47895637991968,111.2289080940628,114.40359790193936,90.11111111111111,89.47116822938476,291.3095238095238,255.55555555555554,820.5776145125527,253.78221126781662,227.76252368550672,618.4633129327638,60.53787878787878,516.3044386328139,28.602182539682538,273.04347826086956,257.8644977054578,578.0955333157763,1116.4071114556446,872.1866038312107,1945.6659541970355,256.02777777777777,1115.8093253968254,1169.52653916431,1053.0180375180373,790.8664021164021,893.0787037037038,1412.691611050986,923.6764705882352,258.8567911255411,566.0009157509157,548.3190476190476,444.265813661647,425.67738037976125,1127.0819235588972,683.1224910178016,1468.6971840594688,1002.4088685864477,848.264401668029,762.6233212099862,1298.7396245080004,1140.2597728789108,569.6325728753827,299.8064360068932,1892.1623991962974,39.666666666666664,150.0,261.74242424242425,380.0,585.0,39.583333333333336,355.23809523809524,255.2941176470588,16.481220848017724,76.55304646881244,521.5625,315.4710144927536,522.069788002286,707.1369885085657,330.11908365863763,1799.6382548367726,97.21160753497709,213.09969217178025,99.16712720479588,163.830808741523,98.69329161176988,67.06254686817782,59.96318299755799,70.15267809675706,147.35384002571502,91.44526876407129,478.12924030992644,181.0322909151034,116.686770983646,161.5951066566284,147.83309780497282,216.08257000648302,155.61766643709828,77.80687830687832,177.35074026712135,121.48922698572296,152.17645989974937,162.91186410768455,114.103996256269,103.26446934343362,209.09124822799126,223.3477179563913,164.1729071969697,157.85268630655733,165.03195014050277,269.0197984885485,167.70211766740644,124.4193533075112,154.23868348587206,34.28142841458059,33.286231884057976,44.66178061007972,36.07602339181286,34.30972222222222,66.0415106944183,155.81781684040607,137.46102564102563,84.7970565188636,107.48248206526542,108.00193496688526,198.4937624399021,338.4139150225308,110.33873182823072,361.0400689223326,379.61742470492476,398.5627450980393,76.46739130434783,978.8728106288193,116.61370065831402,336.0,298.69565217391306,41.77777777777778,535.4335926380627,552.4000667071047,782.465332324431,1350.3066822987423,581.4043065780837,733.4566921572919,56.291666666666664,4054.3683789136508,259.9135521885522,198.24879227053142,571.9202732013875,2876.3677426044724,607.4113134029622,715.0114952614537,372.98432247277725,468.9096872055294,373.78261054900526,387.1684223426692,332.05882352941177,288.0,282.80303030303025,82.17391304347827,244.72222222222223,116.55009130719334,50.0,574.7058823529412,38.57666666666666,68.53,199.5847166666667
2021-06-01,119.25,107.01185157806307,147.54034547597524,118.62519697415293,121.06163519012341,95.37878787878789,90.39912698412698,303.85714285714283,261.5833333333333,787.5097486772488,271.64785294117644,214.02380952380952,594.317886904762,60.976190476190474,539.6433792815371,28.677422723475352,260.93859649122805,259.5043650793651,571.479696969697,965.1017647058824,872.0922222222222,1950.4720833333336,262.2695,1122.8540192969836,1248.5267432631376,1046.2677645026372,763.105431776583,822.6710282702707,1415.0741957087032,842.2306110693182,292.33278309197874,561.7153087927737,545.8921644157131,480.2433767194864,462.391975308642,1080.5328024278324,738.0285714285714,1552.98,1083.4615384615383,911.098245614035,799.0490196078431,1387.025,1153.1941176470589,589.2803921568627,301.03152046783623,1806.3,39.702380952380956,154.28571428571428,270.468253968254,379.6363636363637,581.5,39.824561403508774,355.6925,256.0,17.319940090073835,76.08808809822038,513.1578947368421,314.77272727272725,576.547618108929,712.4722222222222,292.4325,1871.8976190476187,86.09796386263469,198.28685817174838,92.23860736137276,152.72049505128385,86.09749556981963,69.89959710543194,47.66467372034093,71.07809130797628,139.79552193350398,86.38867311994345,485.44761904761907,204.9259769081432,120.63238920482723,192.9021310726382,167.39710627414794,271.9524244897582,184.92304617750764,78.43024879251355,198.03428623121155,125.17973120545474,185.09300631038104,195.33656594053565,124.71704511355722,102.69092670311457,267.88436852966703,253.0723425694741,207.56478304200547,197.45338053144272,229.24636931071345,329.9508241744497,216.85261445207587,164.19301878456673,191.59974226932556,34.410950102578724,34.23725823891473,43.207969926728325,34.99584827515126,34.58730917180076,75.75103857659393,169.51869980868167,131.00322486167624,82.11584219332009,113.27256944444444,112.3259539807379,211.34748140302372,378.34074148162813,130.00004413938194,415.8246376811594,434.5601587301588,401.34722222222223,78.06349206349206,985.9921680672269,119.90663899239773,330.88235294117646,299.04761904761904,42.166666666666664,488.57624999999996,613.3197916666667,802.9550724637681,1389.5695652173913,588.6716482181153,753.9434782608697,59.25797101449275,4329.845098039215,357.7686666666667,204.00757575757578,580.4231884057971,3178.260869565217,524.5761904761905,742.1543478260869,383.92173913043484,502.15460317460315,383.1565217391304,391.93623188405803,341.875,288.0,282.04761904761904,83.29545454545455,239.72222222222223,117.68515873015873,50.0,590.0,38.57666666666666,73.16,199.8160619047619
2021-07-01,122.25,103.70471160275731,150.0382162861432,117.10338075100351,119.09869650530719,85.13888888888889,90.91455519653428,335.11904761904765,319.16666666666663,781.5239920066535,278.8901419463697,225.86094543554884,604.7409723764994,61.12923724320396,543.5224672352819,31.437262458365552,286.5600675059802,259.69312109878825,578.6909148542761,985.9231921161836,862.4679434480897,1947.1212540486576,264.8333333333333,1122.5693798203097,1263.3256022155674,1100.0085719789527,784.6886595059974,836.2266291721596,1417.4120477255108,884.5690661059413,297.17774584126886,558.9973644543477,587.2135538814741,488.0330810766351,504.10766265868034,1114.9674761773035,802.6816778167246,1461.6087953933177,1008.6347327445282,959.2138733875922,817.3290739452768,1404.1471857804472,1136.0990427092943,623.6653085927875,325.5697303533449,1804.1305555555552,40.9972512288778,147.6388888888889,281.51515151515156,379.8412698412699,582.2826086956521,40.03623188405797,367.3,258.640350877193,19.190274863044962,70.61004955028238,537.2970272904483,317.0652173913044,522.6625934973173,708.6764705882352,309.9893768294804,1842.3869419973055,87.01207063068505,195.11402507016737,93.47354201671571,147.67798197107575,95.58310806703307,70.33702994319553,50.87363972739735,71.19372393881712,143.4649120508251,100.75475789993244,491.68787878787884,175.0208848239749,136.50914505568377,192.54029036568198,164.478233497298,262.38964583887366,180.05718984801072,85.47819670838318,187.95437441761445,122.30867738558078,180.3462289183865,209.0721514359584,132.1301971433848,106.5461181609627,261.37675879695354,220.0434836852585,194.2161200266444,186.60554864941136,233.79170437074336,317.94953139696844,159.50198909037212,147.84066354535784,186.92250882503376,33.92156831730564,33.13527732239137,45.632604135952505,34.234863808908436,34.5898286772972,70.45457218351734,174.71524717158456,136.3961904761905,81.87087751437856,88.84602806012082,115.58120851237916,215.3480634295961,359.3101440537059,112.84059406383082,404.01988581427867,411.0019220779222,417.4987826141191,81.19047619047618,987.004292717532,128.6951485840067,330.1388888888889,297.25,39.42307692307692,543.4794963056396,578.1023476793804,819.6745084570712,1447.3729341039439,588.7625265290081,756.7637978120426,58.80555555555555,4743.185716525897,318.48110822510824,201.9761212121212,593.8837835480166,3040.5246376811597,498.935167393371,742.5361789580754,390.1167284654773,512.341494949495,386.80254932402187,411.1423647494363,343.395,288.0,286.6666666666667,87.34848484848486,267.8070175438597,131.0968326118326,50.0,573.7037037037037,38.57666666666666,75.17,199.97777
2021-08-01,125.54,99.29382371987039,144.17123687784726,113.22545747267957,115.85580424349968,85.0,91.82540809246355,342.6315789473684,318.8690476190476,770.3507736899882,276.5202244680556,233.40041351673239,589.1231864233682,61.47799919935937,561.6426047758283,30.8946649789317,287.18486111111116,263.8761525825769,593.6332900820079,1002.4996142577048,898.0948826509805,1998.4383713502639,267.29166666666663,1132.931954641017,1292.9363888847358,1091.1015361822836,796.3724846964523,871.2665693870536,1470.5250006604822,920.139938651062,312.41520737031374,559.0686589296039,603.5832533193108,515.8062169332127,500.29191292194656,1115.0265213115374,870.4711485650303,1552.6225115798954,978.3121442162529,1012.1183404560732,812.1024686995321,1473.7006085629937,1142.7876779903468,558.1502014914005,329.47715895360676,1818.0302505989505,43.62745098039216,153.4920634920635,284.75694444444446,380.0,582.0,40.138888888888886,373.6181818181818,268.16666666666663,19.956538097023333,68.52789152797672,550.748903508772,317.1666666666667,494.33310399021116,708.9473684210526,370.0,1954.3657027028532,89.11576851257847,196.86143566656122,94.98077413131456,149.98353122879448,102.22915589367805,71.13330589998228,58.11707726631951,78.91386772351976,141.8724263756657,114.72413341090693,491.37361111111113,198.85596505264988,142.88955345882175,187.11628970100242,160.36168484648462,238.7576802031713,178.20476089445535,94.49269244384038,181.0502807801137,120.55680103219524,176.60402961602318,212.85187414915717,122.65756171056609,101.47377265806642,273.27398282242183,215.79704126175827,194.2525624840722,173.92932593267193,245.8995693299863,324.9728243636434,149.03771455126608,138.0471909453081,178.0889554270018,34.115849025210274,34.33310556682897,45.521341287644034,34.97271858643023,35.74090114490264,70.7075050381806,187.5974057353746,151.8368888888889,78.80357894690935,78.433706284065,120.51855629487768,221.85681801132523,287.3049440737202,122.15881544162266,406.538065734483,390.62817890679423,427.4869420646556,80.83333333333333,983.0591604668401,147.5417043643951,335.23809523809524,296.95652173913044,41.44444444444445,587.7178077867427,574.7167424439178,802.1576818076074,1410.4751873773225,587.159267429107,765.1921430843253,58.20666666666667,4711.31108665836,302.77282944130957,203.7777777777778,568.6216198073162,3160.832,517.8865260162366,740.0980893485903,396.7658783965962,529.2118461268875,382.1498480927826,439.80659887717616,337.94117647058823,288.0,302.7065057073125,88.54166666666667,283.8333333333333,117.7103079710145,50.0,567.7733333333334,38.57666666666666,70.75,200.4965272727273
2021-09-01,129.89,99.16340591089269,130.31103103893747,109.31080041880345,112.00874083267706,87.38095238095238,97.11582062943353,350.12820512820514,323.84615384615387,797.1560378632385,299.40979172212735,213.91055285471936,610.0234815645772,63.88115189714431,552.8399122807017,32.63619528161931,282.15686274509807,263.8920549211385,598.655746911726,1064.5633483230818,895.2777777777778,2045.4689918330644,270.8090909090909,1189.3215227230621,1277.978434660162,1146.4259903295292,770.9479332392344,858.2733516745285,1484.833905608215,949.0750432323082,304.55633734345224,554.4965587311741,575.0762398408319,537.3882891402067,517.6871667942637,1096.8802282288013,846.5107354014447,1487.0470558911609,965.9489181670581,915.0463286748488,816.4597313366977,1443.2227283870734,1154.2734998948374,637.7139229169538,360.2061406701897,1794.7,41.904761904761905,149.0909090909091,284.125,380.0,580.25,40.16666666666667,374.0,269.0625,19.411301469149564,69.60815797439615,548.8725490196078,318.93939393939394,489.6206341875887,692.6041666666667,371.7261904761904,2028.5010804389212,91.2671407192812,205.52744757680998,97.02512650437401,157.12633952285705,100.09743417212782,70.2293509038776,66.29821367763932,76.49790295628026,152.06059887047164,105.35657205418288,482.89473684210526,191.75647046857608,135.38442174555198,175.43428314450028,146.73288892990206,232.95084132328304,168.27592805847914,93.16720687321717,169.17055134233055,119.1384209183126,189.3261687993007,203.21017823233638,111.17084584932245,92.82918738608025,244.5595394710678,206.1767125085859,184.93541979197087,153.05908568487845,240.71771355571263,289.97458559227624,176.52174067643477,128.8292837820554,163.22621060597183,34.41330091530448,36.26449931915029,45.70173212296369,33.81150372655304,35.56940271775792,69.84995662045293,189.73182679921678,120.9325,78.13791979951556,83.62568570934661,122.09823643752533,248.23522173669372,301.6464164504125,147.38888469742437,420.1793654523568,368.989503732982,421.5920764679065,82.71741816259717,997.5650611175271,140.93669230321254,335.6666666666667,297.63157894736844,40.66666666666667,645.0,511.96428571428567,822.2576845270871,1301.0305678438647,602.0339817124351,781.2802190728805,58.39473684210526,4643.030586320653,341.330303030303,201.04166666666663,594.6430306920257,3276.1111111111113,509.383885995502,777.6220422282057,393.1946011166954,514.6170798898072,407.87393712950836,404.92619568545507,349.61538461538464,288.0,293.5545614035087,89.04761904761905,298.6666666666667,118.48464912280701,50.0,550.0,38.57666666666666,74.49,201.9858428571428
2021-10-01,133.25,103.15044256582149,145.57248827561327,117.74195198740654,120.03450186198981,85.05555555555556,99.39296616099779,365.94907407407413,335.2604166666667,730.2055196180701,311.7052670777848,242.16640012392477,571.3073074581516,66.43304725825556,567.778183147262,33.17014965917297,301.57638888888886,269.16934669480673,617.0414152729361,1042.4690379819922,871.4814814814814,2001.195284102391,281.08333333333337,1231.3108545952755,1342.656452017347,1096.5923586998774,758.8753398428145,912.1435877769547,1481.2436674633557,952.5786997582007,290.2894707279909,542.0327108279417,536.7335307952994,541.616299533052,500.70387801047445,1154.5467775655522,828.7576627866117,1533.1468010575875,962.4664418893032,946.9253038172143,820.6544983671427,1487.2396234958246,1182.185909289045,578.5189597188897,345.3788800874577,1871.2417137004152,45.09803921568628,153.33333333333331,300.34722222222223,423.40347923681264,585.625,39.96376811594203,380.4761904761905,274.1666666666667,19.49059493746994,71.45939153439154,557.1626984126984,320.22569444444446,474.2132679684564,700.8333333333334,370.2019265803261,2042.2482758906083,97.10367185887316,217.26468535477056,97.9923695195955,159.82135823432267,103.34589589479496,75.23601565137577,63.396487223046094,75.61531044904886,180.1331693555628,102.65527980030598,502.8499999999999,196.57215054170922,114.52813533559416,191.50066098903508,157.51828996818654,264.94977036190284,173.4824658443873,95.91557331224593,166.01934660637144,116.902065259022,210.87079662980955,204.17962491467415,113.51580619234957,101.47952572696832,291.80487219123887,206.35581556098245,185.5759121831871,134.32811307757606,231.26116715974254,291.5110795221445,156.88596784140694,130.93790247754737,161.4265394086523,34.360317312554606,34.68812576240865,47.33253913761848,34.162468857072774,35.02874203922127,78.47651989015182,177.6177023208273,154.18388888888887,71.58467183937967,104.08848091188239,121.6301297043466,257.94422599005935,280.12896825396825,164.6332671957672,439.9850990177577,371.59933333333333,413.5294055528098,82.29666666666668,992.3445874860505,133.65711564239538,337.95454545454544,299.84027777777777,40.777777777777786,654.3634185004851,562.5296955438301,821.0680407244965,1443.6247238071946,604.1676941065352,775.3977310326513,58.60666666666666,4797.807375435244,469.0728715728715,208.83333333333337,577.304445471478,3164.988731967362,480.4806764989533,766.5442340517652,430.1744846050183,528.0832727272727,404.8053166813176,450.0544442322765,365.27777777777777,288.0,299.85,89.16666666666667,301.2280701754386,118.1930820362856,50.0,547.5077809848991,38.57666666666666,83.54,201.0898578947368
2021-11-01,135.58,115.96140368745436,157.32210654166516,128.6044686292899,128.85176841751434,84.67948717948717,106.93693855528642,381.5789473684211,339.11764705882354,634.7290303727143,321.2550395504267,262.13728206987065,543.8438759408638,68.73463051069909,598.879142300195,35.490741420680706,307.80042904978046,272.7118182267898,673.5086768839819,1067.958657221212,872.4074074074074,2090.5506109484254,285.536220043573,1269.6467778498388,1457.538290173888,1103.6607579030072,778.1768514633917,963.68490818715,1515.1771189298495,990.2492815355105,296.0988868362481,575.0996099649896,549.7634604914206,561.0742994188873,506.09856233226213,1183.8732427332243,783.9667389025365,1570.1086014056268,982.6146001008476,911.5505333787489,827.900135888139,1525.9352917482418,1195.7870800769563,570.1824054071343,351.4250999771348,1898.7745314844913,74.02002302856154,152.1888888888889,323.5416666666667,476.6666666666667,601.4236111111111,40.81521739130435,379.5652173913044,287.4561403508772,21.37509466685974,73.66602578816521,561.8327067669173,321.5,471.51401809444496,731.1904761904763,314.25612484777196,2202.671933059642,96.79639951162258,210.17272049692684,97.91069242353048,157.8269619444557,103.64508303232412,78.75305222264859,60.08281264250118,74.85462369964272,172.05571011408446,138.8558542683713,539.2408857383602,268.5138111019532,120.09091664857968,282.36282755033426,201.54320397044575,343.8679309091955,241.95651234219073,91.55151356732515,239.6785589154794,122.76240269332429,248.0021313137315,236.84553117145623,134.34038673179705,109.90095892270254,367.4303523250986,311.65118627485487,247.2167845650239,168.95066302683878,318.2323476328997,450.06579204495415,360.37229997215303,183.19594427759677,220.27411787140628,37.70517495419743,36.140198220028076,50.296433450944505,36.80094722365846,38.089123205601524,83.43199547077556,205.7546490140365,156.53846153846155,73.49641764939646,110.60558132343847,127.64115434555875,262.0422718228119,291.4608186515064,203.85665263821423,445.0333224849708,395.41600000000005,428.9901960784314,85.16666666666666,1006.363230277369,146.71610798412485,341.1309523809524,306.4583333333333,40.777777777777786,656.9118012486849,586.7836866137372,810.2277160326458,1560.5027054262418,606.7359271870562,778.1434443638673,60.473333333333336,4902.173706663492,593.6646176046175,215.95238095238096,585.3099809303912,3221.635092784837,465.30365287346694,766.5367083848082,454.7306067739182,489.75873015873015,424.60795911559643,474.83058174139245,370.1041666666667,288.0,304.16666666666663,89.93055555555554,300.469696969697,120.22194954617945,50.0,530.1028422271112,38.57666666666666,81.05,201.85816
2021-12-01,138.8,119.78797461219337,160.37405303030303,132.2340323525106,133.22221434563014,85.70833333333334,120.09131709627995,398.02083333333337,341.3235294117647,545.6547039849352,329.4088129160803,304.15526889741113,539.7734728428281,75.17487555588808,619.9301004900261,38.3780616868017,337.9120054428394,284.88837159689336,707.5126225567814,1101.1345600764155,896.8333333333333,2087.3439890735367,294.09031304141047,1312.782016268865,1627.9534966794056,1209.8983782720277,789.9668256584511,955.2251783329968,1593.2311479410819,1070.1828150125689,299.263536990437,586.6727436799306,584.1199701842077,541.916565494234,529.5954231069576,1186.1219338456676,797.5023036185065,1608.2518877843809,1030.7771902613456,909.7772511826406,897.4171984852924,1560.4330066481111,1247.457571368763,602.6968946169504,369.1186841129908,1950.0338155337297,48.44444444444444,153.95238095238096,324.52421250511395,474.1666666666667,648.0928405406097,41.59090909090909,387.30434782608694,296.74999999999994,25.203678902116405,77.3125075156325,566.6301169590644,323.9,477.3766042402226,802.6923076923077,363.7979011684522,2436.9378485070897,95.42300146661637,204.16830631008546,97.31053902131141,160.7278762268695,120.39057295157893,79.34834115419285,54.0594648157454,75.23091741667832,188.8639978054074,215.7425115896111,558.2519022320672,348.72443869959335,127.06198934368096,339.60373171254486,262.1904015029636,436.36506342981824,314.0936318652798,97.56092261422717,302.6691465956133,137.61208684793894,323.8307990791519,270.719571896808,168.21542816907524,127.81574227681632,444.3386690176085,443.17329857688514,398.92362555359955,344.24075134884316,408.6216502873017,716.1513509894996,441.2778783820957,241.7006941921761,320.59652408284614,44.495239682217886,41.10327879280503,53.0,41.20492770172303,44.97461373288823,107.78589548568846,232.3761085557961,177.34904761904758,78.11748691356449,139.22387404189433,160.72594723915876,268.16511794532624,327.186196092056,223.05862944925443,457.8987668583634,839.4769696969697,439.79982936161343,87.26666666666668,998.7858373799165,143.51407767845498,347.575,316.80555555555554,43.66666583333302,666.7316750121018,589.3513913005544,845.3277979134704,1573.794950176179,662.0244636029821,821.4933440548434,60.3125,4705.037790021588,507.57222222222225,221.16666666666663,591.5681070867086,3220.2533804733143,475.0043419715977,767.0783053564088,465.25904913762406,494.0016363636364,431.0728123007832,501.64859375531483,391.00877192982455,288.0,316.6875,90.9501388888889,311.78030303030306,120.40511846241279,50.0,551.5,38.57666666666666,74.17,201.3989739130434
2022-01-01,140.2214085789637,138.80322026197737,157.50989078248725,143.0632654372912,152.85064136499426,93.14814814814814,128.17419327868575,388.6842105263158,341.52777777777777,562.9776420960834,328.6440156083871,392.39070598328067,577.7729711632869,78.49309830659023,624.7308612440193,39.008103879138915,329.3354166666666,289.14692632228343,727.5275748466322,1152.217737046504,914.5454545454545,2088.4351605458114,296.3093278397692,1363.3683587006255,1686.838841369782,1260.651689269525,824.310126831674,994.2161636550502,1684.3269549140161,1136.1204291276415,301.43392219659194,600.3121193200684,626.0094065340513,543.0723447834472,522.6079128416367,1203.9930722924778,833.3108272307373,1590.456514212177,1053.1354398118608,910.1463366584944,896.7447629211449,1598.4222345084536,1328.8929170431843,675.9944412251725,372.29612063459,1923.1,49.16666666666667,296.9573106060606,340.96491228070175,507.07042744015035,681.5961751804277,43.0625,380.4869565217391,317.63157894736844,25.168249027149194,76.2954883598293,571.1538461538462,335.2569444444444,490.99485192916745,800.3846153846154,414.9985973006545,2701.5437919962187,102.9400989211694,218.1045107451634,101.95393120668774,158.94941647435883,144.2546312961251,81.28273599021527,63.45608881659918,80.41790311828397,205.67631892459013,219.7711393189078,574.2168649747582,349.80363884471075,149.2255473886397,318.50921999268604,259.9754811319456,390.64480290283797,299.8705351471245,106.34360352895138,311.2570259520645,138.38065118985102,303.60901285811497,241.6040699900701,160.60728638765818,131.25514978947012,415.5340037592798,447.09980001947247,339.6202929429386,402.6477745887271,341.2916812519442,723.9230508903634,288.49663184966414,199.13212186795002,311.1097882423521,47.545570242980894,42.68837145277089,56.18947985867287,45.418041180647144,48.53288568201025,112.73382283077835,243.5703547007845,171.03970562770562,78.71250217749105,142.3539551440891,162.28048744812978,276.6967135063653,372.9395502177555,223.41831395699512,477.94054073515906,918.224825396825,461.10450989707124,88.2,1033.5222755324166,144.33879048326781,347.75,321.2484341897067,45.0,638.7782401719763,619.6502291765191,932.4356677306849,1650.1542392594868,805.4495194145442,859.0707150104572,60.03333333333334,4636.398317989148,362.4384259259259,232.11666666666667,579.0132479735146,3272.15772903817,478.9874770595319,805.2217423347031,490.84971216152974,464.55709090909096,439.8954368820625,507.04580823382844,390.219298245614,291.79529802799823,319.58333333333337,92.08333333333333,319.42982456140345,120.42220797208788,91.01058201058201,548.8541666666667,35.75757575757576,86.51,201.4646736842105
2022-02-01,140.81790342570906,148.47043883981812,157.31909449396963,143.07462736441815,159.93527458405057,87.84778911564625,141.03161538985427,393.78787878787875,347.3484848484849,608.5532382829899,334.6348514721226,425.64837048029585,595.0420372631704,79.98224634800205,620.8443026364854,39.43978382900903,350.9953051643193,294.3308435215376,732.8301666174286,1183.3578400841116,940.4313957098584,2150.5065430773057,300.18165402672446,1351.7016177110288,1601.1927023463622,1275.8174968179574,858.9785312836156,945.4774454255805,1672.7224837979181,1092.6894109370116,282.1681125518412,601.7315141581001,647.1130032269649,556.8319620539714,520.8983976174868,1216.747189407288,856.3474296964749,1597.6114433807059,1061.0567814052233,952.9164614289509,904.0742468962179,1620.7391134853299,1325.4336431715133,680.5567311690061,378.4859275148358,2045.4,49.60227272727273,316.3256757828426,335.1717025087843,519.8526422764228,692.8046664931911,44.560606060606055,393.7052877554044,328.4468864468864,20.8550491058134,75.57405548924972,568.0603448275863,348.9728260869565,513.5315867964715,804.1575342465753,444.8096870340123,2685.7037782359757,103.40378479072561,220.2168149801841,102.19635391645159,158.35480146827743,178.66078695628002,86.33136514660174,89.43197972765498,88.53590043626988,216.72607058482765,176.614709741896,576.9107591909576,312.4846418246336,209.39686800991436,285.58710810138257,242.93075811816746,381.5856984226082,283.2142700168786,108.15673772364,312.50827479094846,142.7748701757352,278.39102178058073,230.4965787542759,152.37528089310018,129.74917407475462,324.32181239582366,451.57841060855804,273.69963105260626,369.82988140249785,277.5495419555097,675.6425096512403,250.71106994367608,142.94757049113534,238.52636531595607,48.16380690240503,44.23632625514723,58.45485075138227,45.69247524974192,48.96697498807835,104.23706396066514,228.45445511265103,181.9,77.49321764570523,149.28070390247476,153.72067439922537,309.63130600209456,430.5893470033634,191.01909113357692,487.30203993577925,708.8639797979799,469.00171007943106,89.83928571428571,1028.8392225047724,145.2251524963116,347.3646723646724,326.5524193548387,49.9474640362319,593.3823491771427,561.3497649592503,1070.141285185797,1708.7397353354613,944.7218712109218,926.7941806955712,60.65295358649789,4410.781462848443,248.01321548821548,231.65555555555554,590.0355499197052,3322.699121114986,489.01955231774286,827.5805259293461,490.6453045929223,443.4712121212121,448.54513648507555,508.50461375614293,398.83720930232556,292.169053530415,322.11563608053774,93.91548463356975,315.3703703703703,121.38187722115427,90.64168235961263,537.8333333333333,36.503216941945595,97.13,201.7362
2022-03-01,146.14066504322906,156.53348965466625,163.83002348517553,148.70432886809525,166.3749923337711,88.99842392093039,154.40739102600782,410.0,346.3157894736842,713.5611682740379,375.44925783292973,468.9222326530703,606.0533826449318,92.34967884664482,637.3771563845935,42.98435747180727,387.0471014492754,310.6480957779605,780.7438698153993,1254.4563588930928,930.6249466551398,2169.0426038037876,313.53645833333337,1440.113807926183,1637.3094825887943,1340.224215776834,930.9077636424323,1016.919847193048,1818.5872518499477,1150.619574167652,302.0882579819134,668.142692913142,714.9648210690112,580.6663574716123,552.9298810086439,1247.221903461309,937.4979840859032,1630.0030812973323,1181.4160214661306,993.3062217025595,974.6709422830498,1656.5962942424771,1369.89257425038,716.3390263580199,384.4817355171001,2038.0,52.77777777777778,322.65625,346.6744378685487,566.5850022744793,711.6003787878788,45.04385964912281,395.529543094021,322.5,27.705853659159253,75.66494912663053,565.9735576923076,365.9666666666667,572.5625076530731,837.7380952380953,394.1666666666667,2735.0102999952096,101.40525043632091,222.18511680576944,101.95629863093018,159.01286489541843,189.911302171546,97.85230487918791,85.15494242654336,95.62279214460156,242.6950851583563,158.41585357024084,636.5454545454545,262.1242449053168,198.51773761430616,250.8072575107235,203.9330275432334,353.5457709163059,249.63813861375243,108.39294140731245,276.8894475156747,135.91347947267934,257.37816300621245,203.22665952175058,139.93800463332735,122.25208341140375,289.5867310320071,375.2105070901795,211.07711833976407,259.7136566233592,222.14925700952006,502.9788373261498,325.27582376885607,131.8569558954579,193.669534526342,49.486176303586966,45.68316943256887,63.012241559663806,48.72544539363045,49.25270563512184,97.47268841026509,203.83351138212592,194.02194444444444,80.81219914718802,167.68393284814715,139.68840164581417,356.59683351345706,324.91313842930015,181.4354966535256,511.503301960508,646.9279999999999,481.33562464443946,89.84269880537039,1035.2719644684912,166.07985108932837,348.57142857142856,326.4583333333333,50.17857142857143,693.9422594376044,592.2384337737076,1271.544620065678,1928.1414091094157,1071.890789255814,1079.2387206234653,62.612067847052224,4172.530366195517,258.21073232323226,238.02083333333331,592.4166602663245,3340.538155762837,493.42885561727826,970.202594350168,554.1593850277754,437.22577777777786,509.6942347351191,561.4762280249997,394.72222222222223,295.0877192982456,322.4444444444444,94.73958333333333,320.1190476190476,120.8024341760968,90.38011695906432,543.1018518518517,43.080844371504114,117.25,255.8080619047619
2022-04-01,183.50997373088245,188.97248460089466,206.86530787457275,185.9397003288127,203.81224770680458,100.38499427563217,198.26433824863346,394.2083333333333,343.2,898.1614877413065,459.818317615904,561.9146121110432,630.1009320284516,121.50305901978483,661.8536465581218,48.942369889998794,450.90416666666664,327.14315801501493,871.5954585520174,1358.0702729828565,992.8840883641076,2216.282488256888,328.2795138888889,1516.144354397693,1748.322289296108,1396.5670776641,938.1511171229106,1129.927472207466,1863.5710641488545,1237.0985868980845,327.8903094094531,692.9760654016675,801.902838191422,640.5273923715475,583.3910986555416,1331.8396702527527,1223.1766059637703,1863.7252122863588,1253.4046291965635,1053.8133258498117,1039.7058823529412,1764.025243568525,1398.4137480797135,770.0160919880175,390.210156141084,2183.0,55.30921378785832,355.6282051282051,391.05884435199465,759.198717948718,732.480216108261,47.767890128180746,429.04761904761904,334.67499999999995,28.53261635058884,76.32932545329648,636.2348032549825,375.5187062550797,653.6201328816899,1032.1805555555554,413.7000008245965,2842.5915059252948,107.77021790050127,242.29173793070007,108.59623860733234,165.57758012272652,167.8388150828331,135.9159465053014,91.91072423890203,104.56791897572752,275.9910781635772,142.12417260932216,775.3906706519189,300.9161921487201,152.8457431338058,229.14412099716836,188.15780895801947,290.606187130876,234.45610276288414,100.50057057631773,236.6686906249209,135.65138714441196,242.50592218217966,206.3332535251106,132.5111082103423,123.014982293517,319.61682209506637,263.71247317658,185.34707969091482,227.25485098835568,210.95692173513814,388.9771451219347,229.2399389076722,156.40593825710155,187.07652226981094,50.35317233414531,47.050042079743726,64.66683340351615,50.09357560239229,50.07699603332647,99.22662853847916,237.7503764911142,194.90849206349208,92.72401730409366,169.5167788166636,152.71497060326288,473.93350454368556,376.0817796840206,234.97685373384843,604.3439039443413,685.1307301587302,520.1138655201928,98.25000000000001,1053.917288092431,230.60903749127556,349.2682827629489,330.8695652173913,55.8974358974359,787.9717481447076,624.2541860919682,1556.7255144114051,2189.0894583326035,1528.1106542535165,1287.4697409707742,61.1276420646984,4077.6041099552804,503.79384920634914,242.10035497835503,639.6417700692152,3835.5619545258724,496.0242303553343,1290.5826325130802,661.6008716393496,482.75933044733046,632.5936486996186,637.9585523481145,425.1372549019608,291.9447394112723,322.8753804264518,105.16304347826087,318.03623188405794,122.48869051145509,94.60465169160823,550.0,52.63888888888889,104.58,319.4404333333334
2022-05-01,192.34136503405585,209.8777791066619,220.16476136876926,200.13822579835767,212.6955247877793,104.80455424599272,240.2422170416318,392.9696724335723,345.45,939.6594835280879,525.710154255524,536.2476811304382,639.9025003563462,148.06004030456467,728.0810738968635,54.535661869328834,475.98316376697693,362.39526631033914,959.8806016795251,1446.373152660177,1250.5123958441181,2338.1483512554964,350.1951028543459,1715.7714224852818,1930.906763583684,1597.2362043879957,1109.9565119182646,1295.4521862432036,2124.9634051016205,1374.9495800239815,428.79467114915303,782.6083242287148,883.0817663752935,795.4435626245673,615.7628600823047,1410.2574293542036,1372.7840433278018,2010.5605601788861,1386.449515364945,1169.5098919463485,1211.455714167506,1877.2152132779938,1631.1879559024528,848.8383586969325,409.16953759943544,2380.1,57.94871794871794,379.6428571428571,419.1141591287571,855.561,796.703947368421,51.228070175438596,438.1436132070953,344.0196078431373,31.908059258120467,76.61562559849999,700.2178463299479,385.86,634.0230423404433,983.4615384615386,390.70826605705724,2891.010588531255,107.13367009451696,245.2478703076445,109.49715587436191,168.82838037464097,167.41939299985822,141.057521855014,86.73056938959479,117.38947523427676,245.15786407983487,161.8038073385706,859.7736890260485,364.71949881552723,170.84551606023874,311.6697875912282,255.675828940751,431.70629966640263,302.8360704109886,103.76772116155234,337.7388021830319,147.94737975154365,295.98450468835216,269.9520019201571,155.69590329697348,130.07135866119634,466.88996326458454,338.078612591286,248.70482222272514,324.52126313521325,267.9716591770906,500.1139602501418,524.0653204790458,214.08147340030266,260.69825644277716,51.90645561131191,48.04780942334504,68.16838254805259,51.74626311698859,51.89260201200864,106.62394406353819,258.2581730302649,188.78266666666667,103.61820174562094,173.6409820203444,163.15427765779899,540.0943514253894,396.95604578139216,220.66603195624873,611.2193091144615,625.2097777777778,539.8583333333332,107.5310005053514,1085.2052137310839,247.2828053724054,356.52272727272725,375.21212121212125,51.83333333333333,777.1272012881038,639.2900800263313,1714.0256296018222,2431.222448274919,1610.2914690878079,1358.8096507802309,64.8901388888889,4157.375010917124,748.706253006253,251.84793650793654,658.0693277875956,3919.324851971116,516.4733272202456,1410.9054733211492,678.6044477580167,516.9042539682538,688.1725720583667,646.8383086791857,440.57314609851255,278.19696969696975,332.25,115.05424630471234,323.84043478260867,137.82967089371982,98.14819004524888,577.8333333333334,57.420634920634924,113.34,358.9390315789474
2022-06-01,223.48785836778987,223.27716496887732,243.53625333496754,227.10966731934445,239.28629160493915,103.81660422317037,274.06731557281887,393.4027968237916,343.66666666666663,944.7657022989285,651.452682878895,620.0774562071729,685.4763171762529,169.08088893450557,928.2454462600077,60.954675827918095,540.4109725273927,472.79761688965175,1123.8755335399178,1604.8884746253434,1128.6565244644928,2356.698831476653,393.90534424833976,2084.712819664094,2347.0744407008347,2008.9929019102915,1506.2304613498163,1590.8552293783493,2619.578917554151,1637.1771552837306,726.2168281944586,1079.8457345856652,1146.1171149297634,1051.0168659510587,783.3835356534396,1503.1128687080118,1657.387946462509,2613.134967961409,2022.9182239790239,2026.075361963607,1636.3069590495002,2419.43476909452,2112.8302087661978,1344.8338158593851,551.6175911099613,2822.6,55.75757575757575,417.6302521008404,476.0386176130123,1075.999888888889,1156.0841162724955,53.28947368421053,581.8251247721739,378.78124999999994,43.83436430824549,76.0094284680716,902.889208749525,410.3819444444444,609.8913985558546,1085.6818181818182,454.07171987315843,3021.460117380072,105.88099641135763,232.1737942508887,107.66552912722737,167.49696092048177,165.20924853009603,161.63574849453843,72.92375591136513,150.89022691659335,246.94490615667976,165.30022334898305,875.0403281957442,398.52236672476874,227.25355169263094,371.0175188642514,342.8694708317824,607.5661986807179,384.4619130806639,119.83601169590634,365.1048113512662,167.9966719281164,393.34782076714697,387.1463265563291,192.46547794437396,145.45728378031836,659.9882345694049,457.37662924972494,410.23095075021155,439.23190675699,347.31343313257355,613.2330986841099,746.7261947956108,276.108960665977,359.86254577399825,57.19605915619066,51.92398556998557,70.7391292620718,54.532261878247844,56.35956147154447,122.11106297306429,314.1437119912295,200.02339869281045,125.09336159220976,156.74588877041143,184.82034813103598,622.1772507175817,482.04428551980357,233.54198742106246,686.0434912401042,812.0026666666668,589.6603242899658,123.7495637338327,1125.1573503065515,325.8144250107441,377.77102187706987,435.59738191233623,70.0,870.5221685846745,716.5052481672894,2124.0346577093824,2852.0589118973476,1966.4812231771587,1628.237851613493,70.62638888888888,4130.830986750715,673.9497474747474,270.07099567099567,746.7365378708599,4597.050540897704,592.2314519473681,1717.3158986719382,743.6731051813484,539.5609696969697,774.2914135703796,732.1670934955608,515.2308983306583,295.62091686008307,338.3527629224594,137.90086869903288,347.0976666666666,137.57871376811593,104.0742335734045,642.7225697222406,68.92358332560305,122.71,360.2428095238095
2022-07-01,226.17069666777664,236.0753522924655,247.87824446488105,229.89465588124324,258.95817090425624,120.958917551259,288.0877820947185,391.13531088205536,344.0263157894737,991.6492184410263,705.8902544077674,653.9425288214736,717.5588238489194,180.54317752586883,1105.5792016272565,64.95930438022785,566.2765151515151,567.6533932793234,1223.581535407416,1670.218369520616,1213.7972468581736,2458.778659243328,444.01556776556777,2101.04441145789,2294.9125125949113,2013.612599895221,1512.0615671625092,1680.1261795152159,2724.9398410360086,1787.718018961515,760.3384931812561,1090.7741786481224,1203.7564313572348,1012.239621583313,763.1389686922297,1588.0364476598263,1838.1290232201034,2774.806598507608,2146.9424857803197,2216.983761657025,1811.2085908299,2657.9055622916553,2242.569331284082,1529.8559887976282,765.9743966163052,3323.4,59.8,433.5904356060606,491.813725490196,1157.1052631578946,1444.538372859025,55.71428571428572,627.4281452497668,403.0977215266233,45.14616723110623,74.26801519098433,1037.7901785714284,428.5971771435417,576.6173815195872,1159.5416666666667,358.57142857142856,2925.185921645009,113.66799594557025,236.52776832369216,113.80496476072447,173.65680603726682,169.45117741962363,189.7337035510131,87.35959400081938,184.61812591214985,296.9727513170494,167.47442569362173,866.3852438043439,373.1286504479183,277.5950332051819,343.88925293628205,324.4131727375214,490.7977703307351,334.8033297160418,129.7258633866726,306.0096483868044,182.93864862913026,360.52677249868384,346.1015473310714,186.80205939380852,150.28665508028038,497.498919800923,422.6622928201926,382.5568772207459,368.7168128744906,329.1961369167916,661.2366487680988,392.1274502203845,246.31742904083384,296.4023642388504,58.538212229367474,53.95052121212121,72.52476273909502,56.26881238207305,59.15811968664325,119.51978209760941,341.3612445670025,202.5642361111111,145.0268835496428,156.97550017190693,197.2628762148866,618.262210647434,466.1854113527537,233.2085674364021,684.1434719157,838.3419243289745,590.761414581306,130.06,1160.6669807293188,343.2249650468689,402.1212121212122,465.375,84.48019353509552,885.8913950549744,776.1478320277824,2252.1037728848546,2850.5010306664167,2005.0180594242238,1761.7961654301198,77.23946472637083,3839.2324823882072,597.5939586709401,287.90879629629626,747.7142677209963,5217.259147991154,633.7459329307004,1814.3616389251167,800.7950548838332,521.8848374151876,789.6754922350868,772.9444862034027,548.4953703703704,311.25,357.8819444444444,149.68938572783506,362.98412698412693,150.1735191885095,113.1219885467993,663.4019607843137,73.78118850344177,111.93,360.8724100000001
2022-08-01,224.36766993313594,234.3107117373526,240.64067091615004,223.90256774168972,249.22301345940087,131.88333333333333,303.5314230505504,393.05290122178934,340.27777777777777,980.1390919252742,730.8168221971737,621.7259760352762,747.8286470093699,187.39594344648955,1248.7824839877471,68.47490525748451,590.1369534746195,645.1786025381618,1299.3501115374843,1717.1968372848794,1322.9382317141317,2547.3086984560573,475.16297457455005,2279.766429854482,2525.048711022567,2074.3618891404576,1556.7587473108063,1984.1480247861823,2855.745317316747,1825.0702737548336,804.6216389320809,1170.6090333834343,1292.731682118586,1114.8783936139494,848.084440636524,1809.862959593794,1933.1191981099857,2804.662574059828,2187.3981696707406,2148.947520943832,1794.1702747496574,2762.959725536632,2317.001253133204,1524.247758994691,813.1359461980688,3746.2,60.0,434.04524886877823,518.7452631578948,1137.8537835501945,1746.0208333333335,63.1359649122807,645.0828333333333,423.39912280701753,56.434835274285376,71.58156142818613,1135.1190476190477,480.8147235879628,561.2052142648124,1337.0370370370372,553.4546817175943,2955.8620165446164,138.6141738915712,270.3525218291584,127.78771711760955,187.46594015330243,190.87629573520164,227.98308286105137,105.92649505999418,208.18227389255645,374.8493326572659,189.16380762359907,918.4704508367621,423.47696178261396,246.77665480672866,328.88141101794156,290.65496040540575,483.64705536505124,343.2967624069351,142.2164106085872,313.79465269569175,194.77908305014932,394.50545858136513,377.5239584667136,190.82420998727707,164.9676368041515,510.09458632279626,409.70407680372756,414.41574683554944,304.46217320080905,331.4046991607414,771.9341665094844,443.259826865055,221.6178138372264,261.1989852342429,60.5371749610946,54.91240952380951,73.04727375074526,56.408296046395876,58.797369499899716,119.38545485515594,327.33509575040387,217.31542738170188,147.05377795374855,173.48662229041503,211.22325709760867,517.8080622603242,416.373461717487,206.82098842866628,647.100161841256,739.2938523314499,617.7049212598051,133.51388888888889,1205.4808265185072,319.8028051507284,423.1269841269842,489.625,91.5,1037.54150395114,824.1203703122617,2291.2934774333044,2925.856565112315,1797.825082864707,1805.5668447812614,91.67922510964362,3803.2119078628175,497.24596339353354,290.44938016528926,746.7566718805103,5203.660746528154,566.1589544176893,1873.9068882857096,819.6039726700905,591.5871065649052,776.5425011188111,837.1060164944438,584.1176470588235,348.53508771929825,378.04861111111114,158.22949785067036,371.76190476190476,170.5906241968188,124.9327880993308,734.2352941176471,82.58087973528687,100.45,360.9982772727273
2022-09-01,209.45682916140083,227.3279400530715,233.65756478928142,217.95748651599055,241.4339949241168,180.9375,401.6728489131443,391.0443556085636,342.4761904761905,990.5814691980308,725.7739640996285,610.5479172459769,804.4810978022506,193.30441227739652,1294.0118518518518,72.42499666218323,618.9645983869497,685.1668151352795,1401.0825823884438,1800.6121204169879,1585.6572623700288,2665.849839159972,496.116596156014,2359.0102166736297,2711.444383243912,2026.9103535411757,1478.7496304196472,1943.0383166541965,2872.3248157548014,1762.1181228780367,725.1392366575925,1133.165173064276,1274.9135656280116,1105.8673433170281,834.3024691358024,1921.8517927738749,1927.8205028806915,2860.3152726681055,2212.226143933118,2029.4500921104589,1879.994930465802,2950.8363480393336,2430.105185946805,1429.5645002914707,807.968453906461,3860.2,63.016758482023384,453.05615636007394,556.5119047619048,1133.5505952380952,1803.2542819499342,66.31594530039094,697.9975777630095,396.63738142077375,49.56713704022606,72.9608251072612,1241.0003823270551,512.3666666666667,537.2836001760469,1365.4318181818182,395.53176470714754,2920.178936523665,170.28813289762687,339.0561446893728,142.7871184468163,210.8042957670449,207.89055766597554,262.112327353932,121.5061969038128,361.9182433910093,484.44065489654116,303.67457378693615,908.8719012421154,363.4060647612786,241.52959071930567,317.2823050726468,236.47083679657354,477.34373560077887,332.90610500738575,152.15049278703384,324.6906094049483,210.73081952990378,362.7562859248375,324.3616227335782,185.02652973807676,173.22143446091334,486.1542305747213,427.87988311582046,442.3262866856259,307.62539956451536,342.6420978321858,741.4034104507585,318.94486822351604,217.93210419777625,287.3005187720249,62.090366944129165,55.324438095238094,74.03540625047046,56.918697915492096,61.567896745777325,127.47173367653635,353.31217345964325,234.51809523809524,164.69584177116056,170.9508547008547,213.01094820765044,471.1989416985851,466.44333741116395,187.88446221073616,629.5385505782317,557.9272418979939,651.4074024259997,137.73601802914445,1241.8423847109714,292.48704335331075,456.22408205502234,493.93939393939394,91.66666666666667,1027.2126853636018,851.7787598976611,2227.9947273840908,2965.927007578393,1756.28420492887,1829.4369688027668,97.66364266886855,3550.2071508678227,476.37554821429893,286.0768398268398,736.3679995279826,5278.295079665988,568.5938078025765,1989.675055798989,889.4858383786252,561.6595744412465,779.0726971202946,884.1725472924616,569.4166666666667,391.18286633501003,404.142697575709,162.5108695652174,386.8181818181818,185.71071124085796,127.93032783256312,734.2053771966861,88.60034579459726,89.76,362.3825727272725
2022-10-01,202.70081146826584,226.59466311901792,228.66352695359015,212.37869036367178,233.44062492045657,172.00220955764362,366.53276231255927,394.2329948393599,347.5238095238095,1089.512183713507,711.8356985791766,591.1078497584955,883.9174190280305,197.3530233885076,1267.7298245614036,70.07156045703206,650.2375344412152,715.2727704374322,1393.4597315551418,1840.8400275100385,1613.4637739034938,2765.3023810585537,522.9147602761923,2116.787845726354,2412.6357041261203,1977.8037089825882,1377.5174139916053,1797.6446351678026,2563.5707189714008,1803.472533379566,600.7097009296073,916.9668769014091,982.8968835017934,937.9185706656062,792.436315412686,1804.1813023134282,1827.044112847907,2738.030946121902,1937.995814645118,1861.1933629692035,1644.2933389170591,2670.5580074005466,2378.4561956045545,1844.631582263266,795.181229979672,3931.4,70.0,457.7880556993874,580.6001002462477,1166.7578449968933,1815.01976284585,69.47368421052632,726.8571428571429,430.3174603174603,50.44111915318038,76.18034040611175,1293.5930735930738,545.9484906528972,503.7428252981849,1358.5666666666666,491.5518692822266,2958.392610574757,175.64923347357674,350.32749365100517,146.9066161099663,211.18009746189634,201.5776261236136,279.3914855110618,111.40471292734564,298.80612221325435,537.9219265137049,299.3261244435577,938.8516569486682,360.77296775987503,260.98612439308914,327.54477451559086,247.42097832230868,497.6231392020176,331.5295978044935,146.7257655166901,323.351084796595,229.99555575441363,399.0581559636267,325.155914313149,185.63242916247984,176.01676232339648,434.09436171807084,432.84353312548905,415.4807764209409,372.0010886496659,358.83557617390994,778.0461347853912,337.65862798340225,230.25852900227187,322.27117049554494,62.44573441569596,56.44635844155844,75.45540324033172,60.03623115797427,60.87065244247719,133.8084466462089,318.06415842198334,249.89448309473377,179.6118235635423,218.38176515849813,210.00934370907882,451.39808784587353,509.158854305948,231.02079200933974,592.6381228491045,542.9472246859233,662.0230783103524,144.72248993664186,1295.7970399889186,277.2407729665988,472.97428018090517,495.0,95.5,1372.4698029509018,885.6944293598339,2073.856377409553,2895.41267382662,1715.377402975677,1822.1301936737425,101.66123788199893,3418.128116332611,698.0994546289368,287.6893939393939,730.982222017632,5071.521973019375,556.0054394811299,1994.6861924221548,864.8362256350943,548.1686469443925,777.1213408402269,893.0190692387657,626.9444444444445,448.6041666666667,456.8587106440281,163.75,390.1994460348155,194.52065404672786,129.08143547273983,764.4204426293823,89.1434192445755,93.33,363.1484210526316
2022-11-01,196.55158888162487,223.62264355788193,223.95439565679746,207.07750160255534,231.67432844948172,176.6190935812368,289.4272314939216,396.03030303030306,357.43521303088926,1145.124050113081,692.7047606711708,628.8647351199809,978.5440307654975,190.40737054220435,1241.6522528543585,67.99383908577028,656.2274341144167,741.5911082399672,1262.6278016329882,1815.7902247674924,1616.860581975753,2779.397581291393,553.7763750643704,2004.5092244005566,2309.203246002936,1887.867662068511,1293.8301179467303,1615.4815454834395,2380.7149443786793,1656.247853760155,509.6864833946125,854.1360528724547,916.1294101048103,844.1258663084078,760.0060564116746,1693.0069805664566,1697.7875549445798,2516.9334436813233,1775.7396853848486,1663.807666274846,1472.708211583696,2531.2947516723298,2145.0480346876366,1209.24155901666,815.198043915125,3734.9,70.0,472.90350877192975,589.9266666666666,1199.670634920635,1830.4347826086955,70.0,731.6363636363636,464.67391304347825,51.64412414762515,79.80552818907329,1294.8725333548823,563.6853396678441,497.37193007913737,1425.5218875286578,488.8900680046776,3004.334690424656,174.20302657118097,362.76948935389123,148.24278635894768,216.49892387076628,202.24828284541772,262.4330012193742,94.52198671118876,224.16991294953715,428.15889038179984,196.13286054706853,949.1049838397362,400.6532638929341,244.04675841947548,364.7282609285753,259.7108023735217,510.07065080791864,353.0306001807692,140.41836835008252,332.74455986150093,247.31161096512656,402.69006013588796,317.9955407222133,165.78637403598066,178.72068658211595,472.5469757248361,458.3728821763679,362.1498279775403,370.03064443007,376.09196600919887,852.4176366206577,427.8780091693505,235.57897381599867,321.7477063535857,62.74392618967045,57.38841173520285,74.27455379769076,62.18707380072493,62.665623965198115,125.39086491489863,323.0451625924521,276.8109977324263,180.6499901154164,211.28794092882126,214.85853068621114,424.9946542200707,625.3665130136105,285.77083942152296,567.939894162782,460.0842483704957,690.5343640249185,152.69017875226268,1337.7998900079006,250.63051892856345,505.42755569282275,495.0,97.0,1033.1841892114762,898.3653809420325,2103.761128228706,2866.1747046127534,1716.1126009151362,1776.857800956494,103.94310560354002,3429.3466838258696,609.8629836477946,281.91565656565655,677.8631230531197,4970.749028825425,545.8537995041646,1949.8074838657417,855.2710106512295,540.1869968195676,782.3930002474444,930.8567400243477,630.109649122807,472.9126984126984,488.49367628986795,165.0,394.09090909090907,204.180005616446,128.8760951426907,807.2449342743063,92.4451310817756,91.42,363.3940476190476
2022-12-01,193.82964814106347,210.26309959768855,223.53761755892444,206.21591126477958,225.8654802050669,172.77777777777777,268.96262398834796,398.6363636363636,372.5719569440913,1183.9266586039748,718.9588183195324,682.5513318187843,1157.2477649062425,188.07051418240837,1241.5204678362577,67.66508253998168,662.8975730033055,747.3887453982618,1255.068081642809,1832.8073314077653,1633.5371719507798,2807.4732295357153,546.8780006778402,1968.1473035648232,2278.434753749859,1871.7097540326047,1323.3880323251572,1563.9810561528268,2555.729639625958,1674.616642273073,469.20422022177996,888.0105758334585,947.561930363583,860.3355940301249,746.8194857200542,1745.638168410992,1477.405442139746,2532.566739075915,1716.2999211412819,1493.6639761002748,1475.7039102602785,2336.4378555367252,2045.3548622950316,1120.1382202863715,778.510748550801,3635.0,70.0,480.0217098857448,602.2666245945413,1227.2619047619046,1839.855072463768,70.0,731.8260869565217,474.28985507246375,55.85298268715731,83.1053492307628,1313.6904761904761,579.58,507.7130780548243,1455.9500956720562,634.5831128690335,3081.3891570596247,179.63022647303166,381.41316237571164,154.38983275022488,219.81996239948734,227.94544454373252,231.17673924414032,97.77851952504228,201.43152192872702,435.4301678854622,289.8135693835959,922.6239384558904,344.41269901806794,202.98860661784474,358.8404742126201,263.5581897723527,504.59170425907973,342.7267805030385,149.85647200184258,342.2423296344603,238.25307153095616,401.73222031523846,275.06602178311886,168.6070239456834,170.68255203769104,483.77402462235494,439.161949992795,304.2150923980905,430.1683922828324,450.8372545184492,817.2719441816382,304.2237040520482,241.0941454692603,352.86503929154014,63.41704027992496,56.86159999999999,78.50202659006067,62.02315092501747,62.67915800637807,127.40620771775428,328.98900445162735,271.51612698412697,193.98941693062645,200.17246374555032,227.18190392263347,411.035289516462,651.9142490299007,236.80088557823677,549.700917732587,451.90701282616305,709.2575757575759,159.46706414548865,1331.5303392704288,232.21790740096577,514.7664676669891,500.7246376811594,97.27272727272727,1046.3750142320152,916.8393549676847,2089.750101367624,2835.1266585621856,1706.0715190224976,1703.391077240251,102.30224182105873,3243.7576944454127,436.45423605050973,300.3344155844156,685.138224112329,5221.8305496849425,530.317318142297,1900.0460781991703,807.8857412626273,516.0197805264773,770.0034996913491,833.8872994134656,653.695652173913,512.4603174603175,501.4174554596429,165.0,394.09090909090907,222.37229417068528,130.1290785658731,835.2916666666667,92.37266731365966,80.92,363.1651899999999
2023-01-01,195.4424619142402,203.72290008384252,226.82877466042882,206.58255974875007,223.75060327541516,177.05882352941177,250.62466757116016,398.859649122807,384.5621654578309,1278.0926469484357,744.5375831180761,769.5655590846051,1247.1906460258965,179.1243205464039,1240.4990696438067,62.96788786534219,640.8558678531472,741.1653739558145,1276.4699170292392,1877.2419291446076,1670.88340616945,2873.96430601926,565.2430555555555,2110.4455162085233,2311.5907507134743,1865.9111975905907,1280.5062874505522,1624.4582875266192,2527.383263778267,1767.2534306213652,500.34622166081454,957.0423557064304,976.1602844273503,934.0688590647657,792.3330338655933,1812.5062519978812,1291.6755043512624,2420.0015020197593,1599.8245973440048,1401.010199075387,1478.8744303749586,2202.993043108788,1996.6279967691853,1059.5417059592005,756.336770136185,3337.958385077782,70.76923076923077,489.25438596491233,625.1456655034007,1240.0,1847.8260869565217,71.05263157894737,735.7272727272727,531.4035087719298,57.03215142961058,85.29283630964726,1338.4482795693098,594.0,538.3717269005047,1372.6282051282049,662.5,3130.0461101409096,201.67873320925585,415.0076552162078,165.12531537880545,230.54149770958614,214.74609602462203,214.87042196017407,105.83018291373392,162.16616848747864,432.402919507225,223.5960100378028,884.0899469255988,441.4103600912152,221.1121693106584,370.79515107525805,296.781694314653,491.98802281783884,342.9052064180611,146.33406051237833,365.393344221466,255.7366524706985,389.08520706572233,255.2219575898289,198.03040850579188,182.47002389229027,564.4388263663561,357.56320197761386,238.56619834598206,471.90624415322276,405.10195646579547,867.9671058982174,274.5457359614082,215.0116216464395,333.92269773535526,66.75978452328769,57.03451924318612,81.95662885835625,62.517725473617524,62.58214025753571,120.68218583705179,298.16565170114876,254.73280423280428,201.4119490521775,200.77288031712274,217.05280338069065,409.10184706540207,707.921147446775,218.319032448285,512.3270489402712,573.3140674454892,720.9990740740741,165.736802358708,1360.800598508949,226.3194020888051,524.8636363636364,514.689650306344,95.0,1036.0691634558002,992.462869067562,2058.5728902490605,2799.9359499743096,1672.2060743364623,1637.6418437649058,101.90998225479929,3182.769204431979,347.0494850444061,320.5618116768752,633.7864757601197,5210.66957203274,514.830717443827,1895.0062042834716,854.9307358004908,103.74984254166203,775.4777023781437,813.7865088163908,645.3804347826087,566.1111111111111,513.2638888888889,165.0,398.5,233.5592492434552,131.82586736934562,904.9696163267503,90.01463640966561,82.5,362.422775
2023-02-01,187.26062717203652,190.67691055915816,225.42220498569125,201.71225184304652,218.44616995716044,173.33333333333334,245.57128156715976,398.26666666666665,384.7888629159095,1357.5009227553435,751.4166684582975,805.9382486576517,1239.6397085149376,176.24282639493345,1240.5847953216376,61.37763019008803,646.1875386086518,747.7577041067286,1277.9512731132452,1886.1495066127363,1686.964066068724,2886.411455720816,581.700906342171,2003.4699728789933,2208.243172730968,1876.2781691701634,1244.657202604118,1613.7126653099606,2501.776780641695,1788.9251839207463,506.03572503409237,985.4035582766093,991.3782543870718,932.8395744371522,840.8499018730336,1815.970684250753,1289.683838508695,2385.683558156868,1569.6573731799976,1432.8974693322307,1467.4603185346,2124.920215937246,1929.3649425375547,1063.443015751147,739.7841858801337,3338.5246922692318,71.78354724618919,490.5131578947369,649.8008747902982,1240.0,1847.9166666666665,70.78947368421052,735.9772727272727,519.8245614035087,47.91079335773303,91.36661221244577,1338.4482795693098,595.2,550.8913630344284,1373.8095238095236,462.4302045912718,3083.5269554557726,199.31673149522322,410.1670440543379,169.0285972301504,236.02818944362684,220.6968688502884,226.5410256488392,133.68088456771284,170.29889118562036,392.0338041003942,208.12412887365934,868.0784133368625,265.4340322189063,176.82537439416518,309.47403687531073,296.4625853929823,437.21978333546303,291.41326106867257,143.4916103063217,341.3772885127351,250.58645550966187,282.8376789194279,211.05584583813652,200.05303016733149,167.80071490745178,472.424128079037,260.4623810551349,162.54836644390434,296.135091133766,323.7278973928426,748.5254188520106,303.93550723041716,178.9575127852135,271.7992995211832,65.9741013957444,58.65900085597991,83.66801768477731,62.10919265088164,62.79518241607651,111.2900141978724,263.9218322918615,247.5588531055053,209.20490249356928,194.79169659086557,197.98896894909822,397.4912263653828,530.1057139151651,185.7730158753767,515.3427978504951,496.6659689272989,712.58828800397,166.6460214718489,1369.9669985674182,228.82979188502722,526.7760614902819,516.6304347826087,93.07692307692308,973.8717561169877,991.5282465708883,2026.4137312115963,2794.593724621813,1561.6436742621545,1635.250842964976,103.20062983386465,3155.699673005467,289.69564256005043,298.7506214625973,686.4213663196186,5187.084323199004,529.7724028762177,1887.8322114599262,833.2531821117935,107.19528591405611,765.6745187606259,793.2351822827964,673.6413043478261,582.4305555555555,534.4279145959412,165.0,398.5,239.06308080154724,132.71980676328505,890.5555555555555,91.00752194961525,82.59,361.976615
2023-03-01,186.4020379763149,181.71367761548814,223.05872813054725,200.40847323605976,214.30714079262142,174.0,236.32302563009193,399.3,389.58812425302654,1467.2944315673658,735.474169950746,822.8015284830387,1113.6310608389065,170.85648426611,1235.964912280702,61.54530624817613,600.909760830874,720.1795508089795,1268.2884850944617,1922.5214230099539,1717.1086249567506,2904.167022944846,576.4698047280785,1983.4036230829286,2141.7051134458084,1806.4080180883273,1221.731924242406,1639.9286350608359,2468.8894646144217,1672.2584964006548,533.5643805889387,968.5262996775558,952.4893089448077,886.3516996730214,816.7218818907608,1793.0937524294266,1246.9495022740402,2346.5134830445772,1501.6912857318514,1415.3203978757008,1399.4216432418848,2129.9491993633083,1894.062348233032,1023.7247452862582,747.0492290190751,3261.691439636872,73.81818181818181,491.875,666.9444444444445,1239.4736842105262,1864.9408226014077,70.0,736.0,526.8070175438596,51.569032048048555,93.0698479522866,1353.125,591.875,568.3475970323723,1340.5357142857142,476.2592438214446,3090.9023909998805,195.44918454054144,404.3152613102793,168.7117181786942,238.9077844717153,261.412801759811,233.97231252571208,138.5089017682379,188.28365517852157,459.48777117720965,207.83304569648732,905.4411677156754,265.79820116368063,147.09502760402557,261.09982908154166,285.59517569364084,422.7496447641429,281.8089340744844,131.3628294553127,297.2275431673288,230.57968140783544,260.2137721300435,203.13240040168446,173.29285733538873,158.4504214262898,340.51418327730556,232.6819935593011,160.27428549969898,259.26573744191717,288.4663059697922,525.475325901109,272.6893846407982,170.5317027786998,229.2754772022143,63.568850034256904,58.62126505415395,81.32715893558756,62.40978438007268,62.47566919316694,101.47384837495557,236.37308123578663,249.48396825396821,216.13262933951702,178.55623613072783,193.79990204060365,374.30125237940297,392.49137345005676,163.1782037297219,504.61156975049704,540.7769692801933,731.9202020202022,171.8173294338494,1352.1057120385458,221.23965388623114,511.16291048912535,519.9637681159421,97.5,1007.5603744565967,1006.9211179834986,1954.0149946215556,2784.5320125432045,1371.9427076754605,1598.526170524734,103.5535026692667,2981.1337248260675,335.0474935371318,303.57150048326724,689.3260323048413,4871.945663634563,536.7992201884406,1954.5317309418429,815.7242906317083,148.0336210731196,708.4774269485978,780.9560059020218,672.15,605.2173913043479,519.7535058620294,165.636707572222,398.57142857142856,246.85159343524924,133.91024827559121,879.8766740486599,91.0785924775801,78.43,329.4708545454545
2023-04-01,184.27972649729477,179.51914226432484,222.93028840212628,194.31577047830567,212.5883137212803,178.94736842105263,228.42103534470186,399.5238095238095,388.4921931796196,1451.925187542509,702.9038823899105,789.3629325681984,1019.8973039768016,165.2377430398966,1239.215775865884,60.504673904112316,587.9053796476776,715.9767502632016,1329.8151239174406,1955.7913800028036,1680.3635757334807,2911.6684662808157,571.7476851851852,1956.436449898297,2100.2901188526193,1822.2116884155375,1409.7060464818858,1623.769669183421,2468.0292400832705,1685.123789464241,570.7586447471841,984.230675526462,981.9860082043645,924.6635609919559,812.2436144112511,1713.0196030476436,1220.8045433120226,2288.6225979471324,1512.1607339401714,1411.1323797275124,1418.6638586664735,2207.564029997539,1821.9115132181855,1059.13892697009,722.5590809649755,3172.1069779264094,76.21212121212122,494.2602339181287,681.2698412698413,1210.673912320502,1889.7639723200114,70.0,735.9545454545455,537.6754385964913,56.380444649251146,94.89574140375059,1357.142857142857,589.5833333333334,565.3913831475809,1307.083333333333,488.784707749271,3103.17849670672,218.81652572408248,445.6958871281502,190.95249431322728,253.53428488722565,245.00176880058154,228.11942679798992,131.29295473515594,203.84059537767402,464.8845680671621,202.39733136614447,898.6144078438566,314.6194257131515,135.56179825154666,246.89515938444205,243.2935246687587,373.1888822296104,259.2747759868513,122.32737620702167,270.28568436089523,234.06199642854608,246.72590506375184,208.58542346929542,162.37252047729234,163.0360031957631,292.6302878609489,250.04821713426654,203.82126005193695,273.04084106760575,312.5768181877209,506.92716976025207,276.165190735514,183.74783772002263,233.73895294396615,65.39960246944447,57.17992872046173,79.02329443301178,59.73805601158955,61.01809802145689,100.08809691373416,249.5645174143886,224.15643663502047,221.69942014506285,188.58765094468887,191.73329377331828,365.6293702072565,411.13267427480173,140.23786293455072,495.1690592203204,599.0307544897307,723.5527796764638,172.9,1365.8965596381458,222.9709920460988,524.2641743725596,520.5072463768116,99.28571428571429,1002.6581717551642,1028.1695956554759,1898.7015118061615,2750.8940504303473,1319.4115345961075,1579.136497093706,104.57296151228412,2913.847746914539,495.14170254605546,323.73847710445534,658.1121680983674,4757.292066238553,521.6647004308378,1956.6274925085827,764.921153021865,210.65976852829877,690.8445592103117,769.6834652681318,670.9833333333335,610.3125,519.509047172712,172.42028985507247,399.09090909090907,255.8823235641244,134.05797101449275,919.1268953862007,90.50442173282448,84.64,321.42435625
2023-05-01,184.78112181165017,174.44244830903205,224.26164745057528,195.27898915979605,212.87747919158494,176.1258029119377,227.8218708143512,394.5625885658903,382.476478438626,1484.7582354330455,664.8325162422113,724.5454477178214,959.0573488379464,163.06999571138428,1238.381079435799,59.82784402859792,580.6911111111112,698.5304102740399,1375.8859884263918,1973.9453337846385,1711.2524586415177,2898.4692306934057,554.9101307189543,2234.5299059879935,2457.5278590601324,1965.475263265673,1508.452553856993,1729.2111904417966,2618.0655279310977,1825.4304614223954,604.258700572406,1094.6081044357386,1129.9312901390665,1055.4410954938232,832.4154201284176,1734.9890718135441,1220.5994016278405,2430.130197795685,1590.6734217677329,1386.3977676727156,1525.916316107087,2223.6081594649577,1925.8382297167436,1099.7044236598235,726.5228693827451,3174.3222181548595,77.5,493.68055555555554,677.9090909090909,1134.7929051148826,1906.628787878788,70.0,736.0,536.0833333333334,53.310870274446856,91.96207835544332,1362.5,594.7826086956521,560.9473405891152,1303.3653846153845,505.8829166666667,3150.1345017779054,186.21019562963403,419.36654153822246,174.8068846244896,243.26703237068978,187.44192061853383,229.70761257737465,101.35347749933035,203.43480276724907,406.3497400119371,158.78784429222478,892.6795932592064,351.4137334471318,154.34131698317503,314.7783670874479,281.87269597196484,419.77616225877927,312.1342952853495,130.96153001721393,314.47498601763675,233.20791878641975,298.89915441222143,301.00994485233883,183.2167376413091,165.2893602501786,426.1392537183149,317.955617344106,294.9893836482807,376.2884739864735,364.82554599553083,534.2410306523142,347.2016663101879,220.14850502310898,286.11345634236034,65.37876551901475,58.02047633633945,80.58794927929546,60.46340451596639,61.65216826701121,109.14033447148445,273.9753079047796,220.26944330242662,228.49984191524226,199.2724320153329,192.46369742793496,373.80874995783057,409.75900259556636,144.9672341797848,530.0950733087029,551.1026942782802,723.3633971291865,173.23333333333332,1356.7743152306548,249.4408012266213,501.621002649997,520.952380952381,111.66666666666667,1021.3514609337471,1048.4781314101558,1854.660488795827,2735.7792288552623,1307.2675785541899,1522.6656762638127,103.6150460906573,2764.221193055834,556.716809579405,319.91428571428577,651.9362031712682,4858.0467137066435,508.7040674970949,1944.8602502596216,728.3352090556747,338.5834396629942,676.764608460711,731.3549737728459,670.3977272727273,614.7727272727273,512.4341747636761,169.94444444444443,398.57142857142856,260.2272265210427,133.88888888888889,880.3104413385302,90.08106237415197,75.47,310.1638571428572
2023-06-01,183.36571713276822,163.47150939542973,222.28413451854485,193.54160795912927,206.74550949461525,173.27105792552018,221.34996214375317,385.63082548886024,393.1578947368421,1351.1430711816056,627.6909861814686,715.8338699183416,874.8612595863838,158.6233290447176,1174.0897098003861,57.783540942905255,582.2790620125032,688.048261887487,1450.182285013164,2033.7962286214963,1677.4646694684488,2948.7481363272536,553.6842105263158,2459.1984600448163,2712.6594863638047,2261.928569449018,1605.1934452499554,1870.9397618703676,3002.672354784152,1910.4285717776486,682.1712336411891,1190.460494226425,1304.9385736659988,1179.249776649868,837.8706593194421,1773.7859837904555,1224.6892880463924,2446.8764675210814,1708.6408309706735,1560.0510937916658,1525.2091663741862,2321.6700414742872,2066.9872840119,1170.4761064892766,711.71971697154,3166.168017425801,79.0909090909091,495.73953823953826,677.3913043478261,1088.0296115313909,1934.2788129744652,70.0,736.0,530.0833333333334,53.320643815338656,89.15423258152396,1251.9166666666667,590.2,538.1298712996888,1271.0294117647059,485.0335416666667,3081.273851558278,163.72261987205823,387.9391533708344,157.8087028063078,229.94684818160317,168.92747617408943,222.54289571597977,93.0731527316734,210.08600636163453,423.4315876508089,168.1645123387176,888.0021752032206,351.1579758713743,183.03101395287203,390.0678620369428,316.51754445681337,540.294217814335,378.09105141810556,137.56989327241175,340.2392858426595,233.8036438946448,373.5121473341159,385.59000006282884,193.07887621646486,170.97899573546624,504.98289008195127,446.2137991622876,384.2990806179777,491.83716085516016,409.5196874096722,567.3435106383428,363.3519693404909,259.30936360896754,345.16645709727896,63.77850577875502,58.42873030459343,84.65194761924079,62.09081050301818,61.9952418600848,120.36211077417128,280.7817657952577,232.66592047776416,224.65367002403698,216.21123099288863,199.51655519818402,347.8093891823626,438.9428537592315,142.4659952556271,577.965107191713,711.702088217674,738.4052631578948,174.5,1349.4285184445657,235.48516486298493,499.0972517231683,519.8188405797101,97.5,1001.7325005957287,1023.8147451401032,1768.2165002156605,2644.159659461715,1230.2743462309572,1560.8670552679384,105.50116999174912,2720.3449699444427,535.907978410574,324.49999999999994,657.5055429457869,4827.785832010788,510.89061641176454,1932.5125789216831,730.1204549209206,394.4576820872366,638.1431556243465,737.7604803570018,670.5753968253969,617.9924242424241,507.85427500009945,172.7986111111111,397.0833333333333,262.87639522882165,133.33333333333334,905.408644653617,89.53294204082572,74.84,301.261175
2023-07-01,181.07599692439422,160.07525129055372,224.9145508268633,191.56356892220828,201.82119495525077,166.27982985534473,217.258836601951,380.2867053802984,393.7962962962963,1227.1643405621207,603.5716302878182,694.5913813008322,860.8386465734965,154.90395050985683,1116.6176943851412,56.3930853536955,573.6698417422971,662.2489713808288,1449.2766242983298,2038.923356720843,1628.1688514237594,3101.6816525875993,534.5420536635706,2468.930434348246,2748.196843492056,2383.6113359534247,1628.2924958149697,1903.9003840463686,3124.5660733529753,2002.773490967929,717.9368683132129,1195.334923130613,1357.021861474914,1100.4157669231379,844.6492911435665,1840.6589208699138,1239.501712631634,2456.2603932352604,1829.2961554906915,1820.3993342208846,1617.7973674412285,2432.184883849672,1975.3937617064553,1189.627307957305,726.6865981436005,3143.945923618467,80.9090909090909,495.19047619047615,677.3913043478261,1080.952380952381,1946.2819185645271,71.0,736.0,537.8039215686275,57.59294217513752,84.66821070344257,1237.2222222222222,584.71875,499.3317129587259,1287.767857142857,458.92647058823536,3000.6663537250774,166.9876216677805,404.2794651465685,154.9714377068082,222.78580809700566,163.1523018275769,213.94302008950862,95.4880683441207,207.41599706880777,508.50005731022924,164.21111010538064,870.1956407481077,383.7477894831884,199.8605046897168,383.9022632873429,306.08645695472546,492.3015000168363,339.6175481149554,144.91606595385278,313.63820152184826,243.82464985417639,371.03034400333,413.9972292802045,183.48638759743426,171.23976946486502,526.8442489954637,491.74375292121914,344.8935833278415,456.40814197078083,349.19101510887396,552.2356574225469,500.5906013743594,222.85367039926356,284.91428733234136,66.01773628032805,58.6427384351814,79.02813603850892,59.22112149712764,62.43794260103512,118.90110148446435,311.8932179556758,237.93121214576786,218.21155206012136,192.4700232257115,196.1390016875357,336.93480507983776,471.8040404758175,152.724690567245,602.9300633614725,977.767099190492,761.4452950558212,174.8611111111111,1351.6625362488487,238.33796624572074,497.16359713187654,520.9090909090909,100.0,1046.829720484706,1041.446497579497,1736.7606367500462,2743.6661800602196,1235.4639352204188,1554.6173563507182,104.50623691592837,2715.2002545043406,510.99158217240307,326.9240860237263,668.1017398509795,4939.781716597722,511.16523910111397,1955.2644587554946,725.789443174549,420.5764146115048,625.2330077517389,728.5765258502227,676.0326086956521,625.0,501.36349992654567,175.90277777777774,398.6363636363636,274.58825504434,132.714440677857,906.8233809555793,89.89691908919367,80.11,319.2903449999999
2023-08-01,180.319767729387,161.38444051401888,227.34899142664565,192.38327609380116,201.25616384391486,162.56473323998165,214.2988680385324,369.64285714285717,396.42755245026797,1219.0944312055058,606.894695922371,727.3334921498563,921.4063978043862,153.36953475627416,1112.139799983049,55.95990710666434,571.694759267429,647.7156548295497,1426.8623262110684,2048.010945321693,1625.9454351759657,3062.6393451664944,530.563725490196,2369.7293430697214,2567.5272543799892,2245.701080495336,1527.2940799961516,1760.9928163623292,2953.0356785929803,1864.7533070181955,661.6914354249304,1073.6402170084405,1268.2938211164433,966.4321892432141,801.3589996725083,1837.667177109063,1248.269158146772,2398.0809996642784,1682.6121142810107,1839.5772313525779,1597.6929634342446,2433.0738814720435,2095.5721640023444,1205.5501727323945,748.1371026273914,3197.072300130252,80.0,494.86842105263156,678.9565217391304,1079.9305555555557,1942.6673567977916,70.5,736.0289855072463,544.537037037037,51.145643746566364,83.27115093390078,1138.5714285714287,551.4380940856507,496.0277141093892,1282.9,485.7611111111111,2999.5956294864577,185.12735175174154,431.3183261148047,163.54503637528734,226.0718863871611,184.83427951815858,222.2312658319611,126.61137949242017,209.37230183151433,555.2361312825994,160.2209959763352,862.4451929888318,342.24985133818046,193.91753389055341,325.3059315085698,254.08390065563478,403.90597789526953,283.4188534578289,152.03576672444007,284.0929168278373,237.9159420000319,358.01037155498045,362.7280499938838,165.55573364019662,167.64641470697097,471.1144443160832,492.0015849463198,309.384013476779,303.48386767944777,309.1483334548361,482.9310217458099,351.36392874185816,186.33463883563203,231.39561753687474,66.92040953414846,58.60857396149094,80.64328327457056,61.41285197644625,62.801358724852435,115.94200462289758,305.4866178613599,211.8404173869784,212.91927883274934,172.97071205669744,191.61119005142862,346.6296171887281,412.1904005123504,163.8083056373353,611.9419437590941,776.4085066800147,746.362037037037,174.7592234994767,1379.4089496769536,249.19167864257983,502.4170286758401,520.8695652173913,100.0,1086.4108212857864,991.1233192822629,1737.605713791106,2645.1577420344684,1241.1610866534572,1545.5922712811243,104.1631526260582,2715.5191379409744,697.6346838902414,333.2341823976603,665.802953103754,5020.872898479318,503.3788546198164,2015.2493268092182,796.665445179729,430.74574032325455,603.4043017951032,722.0479015470776,675.1356835615587,627.9761904761905,507.82608695652175,176.25,399.2857142857143,276.5113816199348,137.8739473502428,916.6657512178651,90.89127745752728,86.15,321.5764047619049
2023-09-01,197.04602342547747,181.02533741986488,237.5191781148133,201.14186648129888,209.46603991856475,160.32015068424306,212.19926390089392,355.87332359337705,400.55555555555554,1164.9476652182873,632.3991702473309,706.7237007850233,996.6605875120556,152.81210850841222,1104.693964819823,56.13835862437259,557.7711481563178,653.924644769621,1358.2553398900866,2054.284214314811,1589.0893018011016,3084.5157510918834,529.8588289242006,2316.4131547101174,2554.751604535253,2042.6492707612167,1468.9442063755944,1860.2801616830602,2899.5185346421467,1846.6652375401873,615.5025848353023,896.0641131598219,1066.3547282072818,897.8941796080647,756.3075230504479,1802.0735287018024,1278.1779971630076,2364.084595407681,1484.265842416598,1747.960621939792,1458.7107434554766,2408.2375934639367,2003.0252334989168,1106.2010141085873,746.3929144160869,3209.27131170582,84.54545454545455,495.27777777777777,680.0,1080.0,1937.9147727272727,70.47619047619048,736.0579710144929,546.2129629629629,47.42612502151717,83.69358643674921,1109.568287449425,525.2083333333334,481.57635307058524,1275.1785714285713,595.7887037037037,3012.779996437005,213.18755401566656,492.9353851317873,180.37181304222594,241.2868649441053,201.171767383849,225.33879294667375,135.1610272884941,221.44630958769358,651.3497959899707,140.0466354375164,858.3261748398647,313.30727972946517,167.01837558542306,302.1127250769344,223.84716751250917,397.14411914713133,268.7398308291841,150.97888295629556,274.52876549931227,239.05328142375416,333.60002464782133,375.63732753478206,182.17661375317303,169.3745862986885,431.4779664518108,360.3896485524532,248.25655239603108,249.6395518071293,238.0399055370713,384.75252578028454,239.29440485141575,187.4149133539236,207.14570842001802,69.67394660506604,59.85703656408399,81.16666267479492,64.45761141746053,63.984166253744306,117.61958470676811,281.39921752850944,244.32862608660437,206.9874955260839,171.58054401656366,183.5084892492774,352.8045532183644,375.41489891877836,215.9806753767388,602.6806891846925,787.9440524773553,740.9009037745881,171.92439853570107,1389.4618450220225,266.6596869051265,508.63474166595165,520.8695652173913,100.0,1060.8854318219803,1025.6176004170936,1717.69483337534,2678.7585574571126,1250.0199347311698,1551.2049392016854,103.97562959648478,2734.043962018272,1215.1491711512674,347.53565905178624,636.9079719136597,5266.976291861356,501.00717582255953,2147.0422009977606,740.5844034014417,438.2952141834852,604.3702940379857,721.1340165223072,668.4558823529412,630.952380952381,515.625,176.26666666666668,400.0,277.16563045709916,137.00606000399895,915.9905841360127,90.14853833057929,93.72,322.7692842105263
2023-10-01,194.5446504422477,181.4587721994483,239.18641204557585,203.847831385664,214.31638628309756,161.49122807017542,209.07612634043676,353.968253968254,398.6111111111111,1091.221870308257,649.1884170459216,638.9212970352424,1023.5367686134091,153.29787252468608,1097.329280386506,56.82185842127949,561.4517037118734,635.4514697199074,1202.8831179636682,2012.6855071953398,1591.548650962589,3092.8114485423484,528.5452090413069,2150.65716720009,2414.4282409249554,1898.939017018956,1389.2679037911294,1599.8538935879492,2492.396245748532,1773.4566229403526,507.3472151021493,696.8467909710755,933.6549265044371,798.7645055730328,711.2974959817243,1725.1838579985085,1258.6085755282706,2362.2342964999643,1432.9389124939776,1632.9645432437183,1391.4887778863838,2384.4874875797636,2050.7567858622656,1090.4858409153521,729.12485592082,3235.334868923832,79.0909090909091,495.0,679.9391885751103,1080.0,1945.3463203463202,70.0,736.0,544.9537037037038,48.94597573334844,87.79106983983912,1252.6853750711878,509.57286635710153,474.2829181504558,1278.5,498.07843137254895,3018.600645951814,204.8739920826655,483.2434105156702,181.1101730576091,232.45704441935902,160.68913036393914,231.3297139405789,124.21779290668331,234.75337523656475,597.8906751565265,132.0143823022482,852.6393148679985,312.4549593752602,147.54336828566775,322.48380793382387,238.1515644013724,433.00147389117825,280.0361639948513,150.7477356954078,295.4262071898906,246.5410686432629,336.45800981073825,368.97041186969466,178.50653468953098,169.15649603947384,476.1897103137359,338.5369748163303,233.04254326213058,241.01586379367,225.69223010658345,424.7933563988888,260.7498773011282,188.17185722888252,212.99665850470618,68.23520822792261,60.01878785102466,80.91576435696007,63.24319546698391,63.76055265615324,115.05823711708119,263.40455970598794,246.49500916831573,189.91498857094973,181.7933908431659,180.40834497344176,347.10027858971773,387.72208188436633,244.00392710094937,610.5631081064046,717.4848883309575,725.6412812333865,172.89480406864152,1421.3786554581436,269.7305508669171,515.2098356822974,520.9090909090909,100.0,1032.379756785999,1022.9178333113546,1700.8759886631494,2685.526754186603,1240.9340152868394,1547.6600320907662,102.70833333333333,2711.756765262073,1663.459015450802,345.82524228432595,642.659403868556,5135.287177500515,542.8636829265168,2191.3225391425012,751.328808838708,412.30172941753835,596.9792300503474,723.4869061812142,669.2613636363636,630.952380952381,491.8115942028985,174.46666666666667,400.0,277.6009945292963,138.41030400983107,934.9779178403588,89.37125673134763,90.6,324.7302772727273
2023-11-01,201.7457925697085,189.42565954350533,240.7446108379178,212.88982889350478,215.60598767521503,157.15850496391187,206.18619696130557,354.1269841269841,398.2456140350877,1029.2709723672608,657.6107171749178,628.3766989146601,1061.5758725747596,152.9614927810629,1092.8953748006377,56.935843759933874,560.785848330543,638.7276105330407,1168.682297862831,2060.0960350822215,1539.1224443362785,3124.621495584222,528.3823529411765,2008.7960286734344,2200.353092475971,1705.340437212084,1269.7964769787638,1400.75663959123,2311.3505517239596,1706.994887225396,435.968908934811,646.5243718550994,758.9971730570204,702.3121743153655,690.7848614042417,1666.454454454928,1235.6171753198341,2335.1046084731365,1366.6249672473089,1545.9823316694892,1397.7346598945019,2385.5120173479227,2066.352816397218,1118.4111492991447,699.6753647505998,3263.356626983552,76.5,495.30476202670206,680.0,1080.0,1945.3463203463202,70.27777777777777,736.0,542.1052631578947,45.66303737037495,90.67968223536658,1283.6363636363635,508.125,481.11542586425617,1265.9464285714284,518.4364705882354,3062.4407605112724,207.0633512953795,501.93476747945067,183.37693480051266,242.32321454294234,167.50981472986095,229.4733926052463,90.87520543837434,239.4381351628926,541.8991996779794,231.36322663473302,856.6342031328902,417.4226681686569,186.1934971540425,430.62494654231364,330.19182815853617,603.7524598990133,381.5163050988911,148.04923097800568,406.6042875230786,287.74122738551955,416.17415423269773,412.03202461494186,215.28748354049213,179.27233271612258,576.7711653620531,467.4848378303209,378.2873518859218,340.6908736252211,318.50739082359104,647.9798496081089,376.8427249713779,257.44757709203276,304.5247893233831,68.41684442395189,59.27530803385478,82.54210659727822,63.234634325182014,62.93644037562132,136.81344235111135,281.27530194331183,239.9779197162621,186.82595232300142,194.71786009840633,204.400604574641,350.247439559163,473.8164333693159,278.3474762672554,604.952147466365,885.7910189819761,740.921052631579,171.95652173913044,1448.5418167432445,293.5368119302834,521.5929314983355,519.6928312469373,100.0,1017.5290948583568,1017.1324601948363,1691.2877798018292,2848.387228817817,1242.5383615826001,1558.6524899432297,104.13333333333334,2736.655131577101,1779.400096605599,342.95543526506316,640.0747128701454,5061.988288782966,560.029562299833,2313.6920524179586,740.2568481543948,385.6738785218308,604.0287511652754,716.6636691400497,673.4659090909091,630.952380952381,490.0,174.73333333333332,400.0,279.8194780859838,139.4544028552263,952.0652907498031,89.20527773633923,82.94,328.2500363636364
2023-12-01,205.2703162981718,193.2418237914003,244.66548356454177,216.12314171971914,217.14384629340296,160.9920634920635,207.47984402774736,350.0,400.0,1072.3624663756702,667.9800212421053,577.0878108780163,1086.8779080036002,152.81068960740623,1094.059011164274,57.223423454915846,589.5829166666666,641.4303612611652,1225.638100971144,2035.8001220350066,1531.254806319087,3127.3152071830987,519.5856481481482,2056.9869933952486,2332.096816184497,1799.9688480537548,1368.644254384833,1505.273074519039,2403.522598829558,1833.2171594791143,489.74901538874815,781.1614277268004,889.8494339185553,816.3210282075393,732.8277273291882,1699.7689705719008,1216.1983603635438,2332.88701953863,1285.143575760907,1607.1497220198146,1381.263281063856,2468.6204691719167,2030.428365770922,1104.2021591153318,675.2123332460955,3260.4058722183017,78.88888888888889,489.2638888888889,680.0,1080.0,1945.3463203463202,70.55555555555556,737.2063492063493,542.0175438596492,53.571983701730375,94.25816623143302,1238.5416666666667,504.6798844072361,482.6005474791666,1253.392857142857,512.1129411764706,3165.625079234358,202.36770687155249,476.3860603191119,183.0594611386784,241.20273916814355,164.32744223083344,223.27097319680456,85.18483039950239,231.7758865631353,528.3247647772213,274.4796770233476,853.6065762459507,518.2204494196499,231.8341939481853,463.03506349817553,353.0356974760912,675.0334384906132,413.74376120935426,158.54229700469543,461.4197931404779,334.3153863248252,495.67835841346096,445.1592035477255,241.32531128392614,194.67518023791536,628.4172984094351,563.9010122923445,510.44786814060376,528.8056354583786,451.16724129397096,770.1936760395262,650.2950540598989,304.62254735755135,381.20268684650506,71.84631257276067,60.95358611758985,88.01622931607912,63.7356989295814,64.99881378141608,162.32811556869558,301.6841168807856,227.68174330640716,188.04527345551276,200.9174947999946,221.7472452318543,350.9028751121935,521.7854130682745,402.4585655473737,601.0927311695787,1345.0811731396902,749.3421052631579,172.72727272727272,1466.236026747687,313.0846462468092,529.9871415587925,520.0,100.0,1075.3292717324618,1011.5260086981569,1710.6878407760673,2896.2809960042578,1246.4565684000654,1558.4950978220581,103.54166666666667,2760.147529456565,1157.3778952503721,361.6127890886769,650.7515078635698,5198.450276091975,591.9080570779283,2411.175424080838,741.209765411644,374.60000449314765,618.8386752903144,726.8683497620596,676.4673913043479,630.952380952381,490.15835939451085,174.375,400.0,283.8397493783034,140.57107800517664,934.4746055164127,89.66276064720331,77.63,326.7423263157895
2024-01-01,202.86190912241818,188.3152818045845,256.2100785093035,219.31047755297516,217.74550864278586,156.359649122807,210.35459493140507,350.375,455.2631578947368,1141.2277812940938,686.124604459214,723.2227617779989,1131.2943591437893,151.85495881086612,1094.6628758985737,57.44020116008577,574.4766666666667,637.7438377041442,1253.7318840579712,2070.1034203300387,1578.134978741233,3050.61465764038,520.8894583977462,2120.5916666938856,2377.3638780793176,1981.066955067762,1452.2719200453632,1687.280916026567,2705.6197499310033,1927.0577376665924,517.1245231008456,876.7917381184776,979.1975148058556,819.6821270436329,774.258217495565,1797.6375401376683,1247.4319401341313,2240.5499456858915,1308.3184303907688,1623.299262174826,1321.2284453636187,2329.2967579744645,1946.846025942023,1094.15962089144,666.6995506278599,3402.6181371700713,86.36363636363636,494.86584391749864,686.2022615392416,2531.9096334185847,1948.8636363636363,72.955,741.3841509146006,546.6666666666666,55.09152950013078,96.53910325101536,1248.5154735249866,504.86888600400715,493.67226578940085,1501.3333333333333,488.0494117647059,3297.00950716172,208.44513434307507,442.0457719407304,188.66268649987887,245.65611765743634,190.93454797968585,225.52828675694883,83.84331955498688,211.71915721692758,537.5115085519556,305.92594222959326,864.9723346450621,469.2118909803875,337.8390714762761,479.04155717807197,466.56200154154595,638.5131386046708,435.47916737319605,183.1549676680355,468.5019393442451,356.7003474818625,471.8052343996698,447.2325417169275,243.7713406461836,214.7471562601025,741.7937746601137,876.1064945074207,615.0920551424383,571.8337531052802,576.964907295137,960.660393359332,838.6706122710173,309.7165118460174,434.0180166030285,74.70318055004351,65.9459031804692,78.30388469404251,64.46434183454703,65.99203390845008,174.38655893041025,289.6084887152245,244.08844932065892,198.76585737929517,186.52273839194032,240.58779659563191,353.2248226598256,511.17460375212374,476.00440663823485,607.892747714747,1526.257238846917,802.6872294372297,172.1014492753623,1460.3317083617285,300.36272826547196,539.1942371551913,520.0,100.0,1048.378405039064,1037.0863816187775,1713.172513630515,2998.6423084839676,1243.5579237902666,1596.0644693194797,104.81396992075668,2849.3940502050355,59.880807949174525,387.6172350713756,672.9507586365899,5200.253541603856,674.4554570220535,2335.236989883657,739.1915396291351,191.40335132144102,623.9901456242578,733.2619479897659,665.0743958647561,631.25,499.52211775417663,174.56521739130434,209.52386309041742,286.59372890192714,146.74202229705952,938.6571425118985,89.16423987094936,80.12,321.1706047619048
2024-02-01,197.34631397594558,187.76096473403496,257.39520163499157,218.89075491263048,216.87480946427291,153.625,209.76960006703942,350.0,400.97222222222223,1156.919545950986,679.6245253790253,692.3624137500681,1078.2378162605205,152.64873267903033,1093.9327485380115,58.75996714712395,575.4664496602551,680.1822266348416,1228.5614571359986,2083.329534897989,1593.32215021053,3059.4642766854504,512.2120098039215,2043.2685318524727,2312.3992184010262,1918.4907688131277,1288.3025086428972,1577.326815113278,2631.556112937522,1829.254170494425,521.6871436147318,882.3727575612363,1021.8496523326963,759.9223889178797,743.1592570786478,1772.4739700204937,1278.8579954240247,2222.813853389933,1350.0105428468287,1568.5432752690367,1305.9121833439897,2302.570182082292,2003.2211211748984,1054.1434081791097,648.3445548402749,3402.404820255288,89.0909090909091,511.9149928944472,706.9417805462109,2710.371838898985,1950.0,76.23529411764706,751.7913043478261,561.4583333333334,57.99307650067396,96.26186221284284,1291.7262250028125,513.420542551995,488.931383459861,1457.5217046094335,507.843137254902,3341.120938837194,198.89629039405577,409.5702095472547,185.862512845184,239.16768761122626,211.4587129585876,220.74126526821325,103.30555555555557,209.77051755975992,589.0516329815185,338.4959038981082,861.8367043595354,321.28072964447017,325.48372355770977,351.6193996815571,320.9115177635937,449.5601928714618,349.3298452333766,168.70056827582258,338.22590818519706,322.2359608288093,362.58922669177053,380.7605006611631,203.72005210707502,201.22309603993264,477.106910947748,528.9727965318672,504.42428995280534,405.4471410030245,403.974417959488,678.6081953717023,498.086127445218,232.18871921900438,310.84076411664506,74.11156181631914,69.20295242305639,83.18038806449259,67.78938682505814,66.90799582938509,178.81402033686683,270.4667472959359,269.8495823181873,194.78265343903558,198.50961959903708,251.12916313961168,353.6305775446833,381.53170778921344,425.35177779857315,621.8411127620409,1268.5713829274364,806.9808333333333,172.31884057971016,1464.9007212860981,292.75089157276716,559.9673601662294,520.0,100.0,1062.1175513446087,1055.2653415983175,1705.9159468504495,2972.200642510145,1166.15510112656,1568.473763238479,102.13333333333334,2884.6784710930274,45.8579811375985,366.7914075693415,669.7883154491126,5204.430622873911,646.6140764920425,2308.875626205955,741.8675685343246,188.23456577862555,617.1498272860812,730.082151891698,681.918682036774,631.1666666666667,500.9474151779836,175.4010675631133,209.97873401337068,284.94812464311684,148.21809611117075,952.6759278707025,88.45387321978596,83.48,312.58012
2024-03-01,195.2449369885007,187.31287172151437,256.9272265918844,213.35601095501775,216.03121240507622,154.33333333333334,208.49221329757253,350.6,400.0,1210.8266022115954,673.904961288335,618.0519978953225,1024.4334928515034,150.9625964670634,1093.9931350114414,60.45330048045728,588.4699218824773,628.9205283859853,1224.0180861172046,2091.525752506515,1573.0453477146104,3089.109938487508,505.6669246646026,1880.5565120193735,2147.0469890182308,1933.1173591056186,1262.7981852707708,1547.0543927279655,2496.4101460770157,1747.6556132124738,499.56505419543083,860.2509340318154,967.4359491941434,800.6338068086577,742.052702963159,1847.7711334256726,1235.3298108922675,2189.762391561763,1302.0218044586154,1451.0477862744128,1215.6425200155359,2269.8384297501325,1795.775650930278,1111.7305992872543,630.1605916126915,3404.2385856886563,95.38461538461539,521.5213032581453,751.951154578218,2732.317246165226,1950.0,78.61111111111111,770.2857142857143,570.7017543859649,53.531245644404095,96.77992167934379,1305.70420692675,520.8485776240356,494.08231873789106,1338.9358905934764,524.1111111111111,3554.165599749316,193.41532212833962,408.68139588979466,180.8613713770916,240.84005384199727,247.13672424990273,215.24421392404412,102.70856461236619,193.31018907565024,613.8510036315445,267.18161732814775,850.3072825178026,282.6502408664852,246.04077767672268,251.29637306423436,240.83039733222466,349.66773370089595,267.8115330806422,166.10228447674766,278.31283689521814,270.973925059763,298.99831028567627,374.05364466688934,188.1088794914895,179.52744591330145,295.1988887572371,383.21610387643307,307.39049672539056,319.85786447423453,328.1990434521587,575.543922151694,246.05597532417133,193.31305878770036,230.24317985230942,71.14936070379318,66.6120336297212,85.47895250262354,64.99497192648357,68.00737899285829,149.32276570670788,274.43824990682316,262.9667798399321,198.00600056870962,192.29922440477327,266.8852533574332,353.16894976580295,355.3018599657584,523.6237488515941,630.555473456228,758.1370610057538,782.7810966810966,171.66666666666669,1474.4564386655818,285.08508246912555,574.2031144339211,520.0,99.16666666666667,994.0240498451711,1078.395005382948,1617.0218089844466,3041.1833944621644,1089.5747027362854,1517.7782385818816,103.53883432971303,2936.931409426597,46.4766768582528,355.989905783197,673.5479741907808,5249.456012995565,625.010109816841,2269.0992393476013,744.3119489513707,228.49039948358072,617.8224571216149,726.3916363689877,684.4500594709384,630.8730158730159,506.8985996570933,177.41275509246833,206.11368741370865,284.0040314307305,150.14730639730638,997.8888888888889,88.20325538312262,85.41,305.664963157895
2024-04-01,100.79385076853019,187.95359712730942,253.88269535203617,212.1541940799549,214.23959162320745,153.33333333333334,207.8427530258279,350.5,400.0,1276.1082614548163,639.6484601900557,650.7094278144706,967.9053267210509,150.1172879865244,1093.993134353546,60.23330048045728,577.824088549144,629.5072119467538,1262.9347244126893,2115.98999247015,1484.4567882847298,3163.5756932627532,507.89854742956123,1916.6109261641839,2167.174150777473,1869.728161186693,1210.7118428723863,1655.691921523649,2605.352943177725,1879.7777617337758,536.3312516308547,843.3719437270074,998.9963770135073,813.5964396685873,746.9709257974997,1852.7381828743964,1217.9304078482735,2180.551033324205,1279.2000915612848,1446.7047270330218,1229.7667673727974,2258.635230452044,1871.2879785956707,1073.3277322866008,629.5881103887768,3148.8252558857635,96.92307692307692,529.2322928934443,769.2755946451115,2669.9688009538418,1950.0,78.88888888888889,781.8909090909091,579.344685242518,50.428398664305284,97.96047738818267,1304.4466811765587,527.41,496.85187142500587,1329.1367862778716,613.5789583333334,3621.2025313555496,205.6536566894665,455.68864365150387,188.09904715825576,250.70173830300118,235.04392736462304,219.10818665486988,130.1440542922979,209.39601951818236,674.5196800495894,158.0377015927134,829.7925927065362,284.2953513181571,189.85052384464743,304.74295886186593,262.29393044356317,420.09542706337794,310.8950939492877,141.57253923465734,332.0926602900617,234.54802246309256,353.53143971467034,390.46707421692713,219.11837930614658,186.98045751500828,438.5352836314538,311.71145782428647,256.0276018124627,353.50046572465624,345.10251626908905,405.8387017985399,218.21009922365266,220.65550411594862,264.53696423947065,69.53180625783362,68.31614429286117,77.0126888701541,65.77509197555972,65.0115616532568,130.5835489669547,272.5705153644894,257.94760804070177,191.90548553435045,190.3174603174603,249.27741601319462,348.0181531453564,366.63925809363116,591.0477317821068,627.0354953992095,638.0910405675445,799.6368421052632,170.0,1474.5552770753336,280.89556376036455,586.1510558960309,520.0,100.0,1024.7642506202483,1074.4796023735523,1626.949012120096,3024.5055811563493,982.5722451826155,1557.345126813957,102.8,2928.270867739941,81.21301169363537,363.0964568262186,667.4041791027396,5419.57153427702,601.8433324664982,2210.5057041168766,770.8115003888973,250.74809664514495,606.5513043569541,732.2663044479862,689.4828065476335,630.6060606060606,510.57859965709326,177.7452157594174,199.956372239037,286.3696590183072,151.15063680281074,1045.648148148148,86.01946267516045,89.94,299.4231842105262
2024-05-01,203.63302645405025,190.2689686836395,253.51886366772922,213.50205464478222,215.87837701220053,151.66666666666666,205.9993715396457,350.5,403.1266604167323,1266.9038233583697,610.8139208137075,620.6084248848049,940.5568243838486,150.5353836349682,1096.8916857360791,59.510585304025284,580.6768349421667,622.314318364796,1235.6780577727902,2149.5848678576785,1535.2068139672729,3283.5869445176854,497.50306372549016,2133.5592616424447,2310.0897890459114,2035.0018042567367,1359.690361623363,1707.2564234976226,2718.106215181392,1969.04517296263,606.0023249632611,938.71101512129,1145.3592674754923,881.4753823070267,798.6956429288294,1836.2602629504859,1202.7569377204798,2181.491460143897,1284.273245937168,1447.2717128349723,1320.495487217745,2258.8328770797107,1814.1661149119352,1037.3862358404467,623.5228654568675,3169.3289302320914,96.92307692307692,531.8726462338732,769.2753623188407,2651.8408341983077,1950.0,79.44444444444444,780.7675713065738,576.9762641898865,49.62659805619951,96.90766094638566,1281.6666666666667,530.1,476.7698845812003,1368.9203799062673,517.1278431372549,3480.689356643471,180.21323910284391,407.8884030557654,172.3318804949789,247.42817955513553,181.67268000694193,223.39478168727072,120.97817759661802,225.01662959503454,737.6159454201483,156.2149676154005,827.6777210044453,446.23930397675764,228.72132360016585,384.3230748338423,315.7091812252544,702.0042523493031,380.27002685431813,147.74736750888877,415.1960062463343,278.9831458674963,453.79103955967196,496.8993663427308,224.8990913128265,208.0835100729115,667.2756187195565,465.1496492364853,335.202625172713,585.9506255382975,578.11116636927,669.3952330032278,489.37009870644886,305.2928233463501,396.1424303488111,68.33345654759202,67.72455324125609,77.57181118519311,67.06354487085147,63.80825837656872,130.54632388121686,263.0883678753638,250.47862619030056,195.69402003339556,226.52879296936155,246.1659113080774,344.6796188245422,381.2525113233852,296.661773989899,624.3641794225257,430.69422977748445,789.3679012345679,170.0,1470.5770641484537,279.61908573960176,587.3699392272473,520.0,100.0,1020.4649583879516,1072.7794748630554,1547.5231416844445,2978.239033158848,941.4644435345784,1515.1489295967997,103.06666666666668,2923.0918106349604,156.45124059192605,371.1190061758433,663.0580075800889,5373.626803597503,584.0964602353072,2207.6226467267115,745.8878714775208,349.7716472168114,591.6038130539725,724.0434846836887,690.6413043478261,630.8730158730159,512.925035441508,180.90153566530208,213.7461574502886,286.8212742049707,152.80724428092253,1045.216782598869,86.75284899261554,81.75,299.692335
2024-06-01,204.21432920893588,189.40878879858906,260.5096529697374,219.14843398288082,216.921823275765,162.10526315789474,205.52286579660705,350.3,428.27541272292865,1222.3296392300458,590.6790591503774,648.5616470091688,934.0989582588279,149.7888558571904,1096.8916857360791,60.4358510557703,577.6645923060115,609.0818147462012,1225.7992955289812,2157.2409913338056,1537.3443805401778,3317.03128998539,512.625,2257.7886708704978,2496.24169935241,2133.2408648823653,1424.1674112316723,1893.8058953818938,2891.2163644287857,2019.4743743811791,648.9756864208713,1084.5819384483916,1223.7378391361494,965.4479736648129,796.2045320086108,1879.414741550104,1188.2708132394985,2202.2213778638425,1296.6063105908152,1501.2134637687948,1364.3523555661004,2229.0979781865594,1848.416049441422,1006.5152912970444,623.583667162379,3351.5583602511424,97.3809523809524,540.0631313131312,785.0,2643.94221112498,1937.5,79.5,784.0,579.9938080495356,50.55997860741033,100.30890471139237,1267.797619047619,524.4,511.026093850432,1574.550035525288,560.3682352941177,3306.988643246339,176.78107254608716,401.21792605531556,171.59863884311156,244.97108941836515,184.43426993246894,221.18912589972678,99.3427893926781,232.35750138050886,549.9034954371119,163.96908540146754,831.0351437991792,364.5629469758486,270.0850761475155,408.3279867054579,326.91633898507484,643.9066077298966,367.6782947259841,151.70249358927532,424.46298889074785,308.98256601922554,422.7195985231714,508.15949697258895,210.14336364717485,208.16636387580309,708.3632554661922,550.4730477121382,419.73405051368513,591.750634662111,612.7854233967133,858.3996605881887,588.5246469041047,292.57943771963085,369.0238561448569,70.71030594482022,66.76266398477587,78.53702590455903,64.60856822581636,65.21885135789226,158.53015419339377,286.62780420405574,251.02281969415964,198.9708134722064,208.33854671278164,257.5584431219036,340.122171536956,424.9611070079564,271.04896573132623,629.7843968397024,494.17823150518194,824.1220238095239,170.65972222222223,1466.5321735688478,284.8969831793818,593.1250000000001,520.0,99.23076923076923,1006.4885327006541,1043.279991426779,1534.7533832392155,2939.919292506542,944.5031087276104,1522.33655156864,103.6,3071.4761714444458,142.96087827614664,379.7608513954325,668.2609769679688,5442.532874955469,602.071806077969,2130.1017485301427,738.252519115882,393.050557991689,588.3351774404632,726.0905784141272,693.4673913043479,630.6060606060606,516.8,181.7581868654047,203.05770006028865,284.6665907737929,150.71658615136877,1043.1735810292112,86.12238001183006,82.25,303.8120777777779
2024-07-01,197.61093821207993,196.53682481364012,263.6495135588502,210.91581443998422,217.55142705018665,158.42105263157896,204.51642795447603,353.57142857142856,458.0939142631467,1172.8165956279745,574.5901980207564,726.0428100697028,929.1649465243613,150.45766390431783,1099.502923976608,60.096603975975704,569.0784173956131,596.4626530664278,1177.8129443926002,2172.0433770836403,1540.5456442350505,3417.381556099429,509.6421568627451,2180.2158753207123,2421.0852677806706,2049.877588238798,1326.6845755270674,1760.7586743957752,2713.4101355608504,1943.6978256304044,585.7684174149955,1022.026856112548,1169.5946928857807,869.2836096476124,776.4476873867189,1859.5558404666642,1190.8706836349197,2199.281646531017,1336.7336508475692,1507.3843890496446,1360.9070627193375,2311.3410658245757,1843.5195006267636,988.2037348222719,628.9005441257183,3381.126432687601,97.6470588235294,545.8333333333335,790.0,2631.0254792244527,1920.8746524056396,80.0,802.9090909090909,550.6166150670795,51.71950278440208,99.31164916405896,1245.3772955619577,526.4,553.1502359125254,1419.2857142857142,786.0788333333333,3251.660433905551,198.75498102705154,434.30077682072266,187.35255812026048,252.4694812958081,203.55404527691925,217.46066377585547,96.11137789211628,212.5533605760373,510.3660828286477,191.74699571577457,831.4248666275048,342.94480902818214,253.306931778065,342.04319641360775,274.45566110708876,461.2269264895243,330.6426372382352,155.58619522898593,363.50492723787846,302.63522698922765,376.025660957688,453.7662793687059,193.9476156084017,197.68630451897263,579.040968172986,440.7082966926191,379.9690080785585,405.082814868833,483.33588385259804,798.9237032912246,394.42690593421037,236.95725385680768,291.74473958828645,70.7342665075531,66.11041158671519,75.810251955633,63.794683867581774,64.82442665203892,163.38178327089608,330.524806751563,270.33312206718256,201.25139708999478,170.6790735568026,251.8949033945356,342.054476899223,425.12166958343755,268.44639435642677,633.8419853171406,647.8377270375937,779.6802903724713,170.83333333333334,1460.6445498067378,276.0826512888011,604.8054855576917,519.9148130017137,99.28571428571429,1012.4101049846658,1033.7850682754688,1510.6089811194151,2957.411512303133,944.1348018816752,1518.5657498308155,104.54067160869026,3271.5914138732696,117.71463087863926,397.77927094605093,674.2342788187352,5406.33723419444,589.7190185623566,2119.4727361831415,740.1330932396894,376.2381528451408,581.8870351000136,724.9956340644922,692.4891304347826,603.4090909090909,516.711900877253,184.06954202070884,218.80758143187083,287.9473995294752,151.60847688200735,1015.356687239145,86.07257821678536,85.15,303.7559434782609
2024-08-01,198.36773887361616,199.32798756542888,264.9639321757897,209.97127996968328,219.6640791121775,150.27777777777777,197.91098958838467,352.27272727272725,475.56231181165185,1101.7553109325336,572.3621563209192,724.3750537844711,919.2642549119926,143.31971829884844,1099.7444698703277,58.90270779853096,568.2458775128439,584.2885552666426,1171.7762952922558,2201.103253706037,1472.4281278221836,3422.5135159427828,521.4770724147148,2187.404855930379,2355.1823347189675,2044.1826464288797,1299.9981767848747,1774.956857935509,2824.2428443735407,1970.86167567485,530.9067249156795,960.243945297455,1082.268390442862,800.0409334460256,768.9364852361881,1877.220275044602,1204.55779790457,2236.807785768523,1309.38336746327,1511.379546365931,1367.3516043791878,2316.331564049742,1819.693820840299,971.6601283236494,625.3110465458478,3291.960431360396,100.0,548.8455988455989,790.0,2587.95082815735,1855.4891304347825,80.47619047619048,802.9565217391304,580.8359133126935,45.52916747815054,99.89699017371353,1234.528704712255,525.90625,543.1838886945508,1590.0,778.1998245614035,4196.958253057114,212.17648045094703,453.55584260182985,187.37743857864382,264.8239283911719,202.9523447006845,213.4193703001619,133.8470146408465,202.00858564689605,539.5023938941569,163.3648356685201,836.8199515367755,315.0741198698428,201.70830326083083,277.838630448292,242.3934600462897,418.7413204539693,297.2645107482186,180.00691624860264,334.4170875372502,273.27288803612487,348.4317581278222,402.8417410187896,177.47214820733748,179.87966896212282,418.5367136790867,344.04660146038105,329.8232799494546,307.5682537622752,382.4425362989838,648.784455688322,305.0446645853886,208.57668574676288,265.5629980024918,70.49301229433281,66.34780770554808,75.02178079766185,65.20984928348828,65.74244182745686,144.33196884242463,323.1169712384051,280.35515523496986,201.08752173166056,184.5745826335831,230.88508507761918,336.6106573273881,389.22612109607894,266.33138101787944,614.8115279214669,668.9839875756686,754.0005555555556,170.39641893111016,1458.2714463645475,261.79578840727737,605.5902777777778,520.0,99.28571428571429,993.50843353064,1068.2766509889575,1462.3159277621453,2939.334127173106,931.8873625132087,1491.2565829032199,101.2,3362.526025892137,88.94378937716866,372.7450665703495,648.7344522718216,5372.97988498182,606.5163888179959,1926.449772412202,712.2461804271206,311.4974396052858,558.7814323751576,699.8902232475016,692.5978260869565,599.6212121212121,513.4666666666667,184.6875,226.47572048028485,285.76428740962143,164.61043117651613,1045.0454545454545,86.08695652173913,80.36,300.6682999999999
2024-09-01,207.17007495890545,202.27320300654796,263.74745398941553,209.6829010975947,223.4331350463637,151.66666666666666,195.68067204148906,350.0,474.83953564239135,1032.5940307102594,588.1341818250155,694.7010544815788,905.4942433135475,141.29971829884846,1065.8808479532163,58.92856583983892,564.5097664017327,578.2062377155539,1154.7447916666667,2199.0635196007197,1461.745187802815,3412.46117716088,526.6921052631579,2195.577947138529,2414.1824290467375,2112.3535922755577,1381.9389906607319,1690.9078267986392,2711.864863628097,1916.3556366542357,513.1650200472601,899.3734765058982,1053.9611858797596,787.7197090619718,779.1808020357531,1858.1570971861383,1195.6598379645422,2199.080444835415,1329.3937522319475,1519.4470544922367,1368.8393430966007,2293.339705693236,1845.2248268094754,922.4301976773637,638.6315727388836,3276.0957590167714,100.0,549.2619047619048,790.0,2436.754394793344,1837.5,80.45454545454545,784.0,600.8360457516173,42.80953207671957,102.7789827841911,1244.6052631578946,526.1458333333334,538.1680159732645,1588.75,870.2498460424349,4196.132598190762,221.1216598849729,471.98004870035174,191.53528234508096,263.7546127479862,220.14026816912505,214.3787238576808,150.84933328062928,209.9831581832701,515.2507348176207,170.83625630087042,843.885275495978,279.0177994704729,200.48145636580324,299.7148411023979,236.8481659609517,448.03388940370013,290.6851109282905,170.2497524053821,339.071399306833,261.28524142321066,340.5910164143433,386.94020766089966,177.28915746855571,175.00168493392763,420.61708550970985,295.0622338928162,311.1774338104949,264.06310440544775,345.65279332262793,648.3111543004404,331.66139460647025,199.65881851686729,255.59195301155438,68.8900494096676,66.78701603616247,77.32591771814097,64.8840674192057,65.68816407118865,140.0837180981164,292.1339285714286,304.3928420525838,194.80761083014983,196.27174012034146,216.54062668319372,330.8723169191919,378.4353505291006,277.9583070286195,617.4235660522147,524.18703754448,755.2768875433248,170.7638888888889,1458.0071443309482,257.6361176035605,619.3055555555555,520.0,99.33333333333333,987.5437586263282,1064.6145752636428,1439.953043942338,2903.777425711612,908.0572079526136,1470.1417180604333,101.53333333333332,3397.0480542058062,73.29636388941147,366.95612463449163,649.2473814499722,5622.7565749283085,615.2643783472548,1894.3548126231872,716.7769215351832,251.83053010021843,564.2510386708229,697.4272313483575,693.4673913043479,626.8939393939394,512.6516580092589,184.60416666666666,232.60574150317132,292.1586813534048,152.82608695652175,1085.7954545454545,86.37515629552354,74.02,301.1505
2024-10-01,209.11007154961933,205.36250602403376,258.4156442247238,212.8886718414587,227.89612031457165,151.66666666666666,192.07905014356749,348.5345078777014,470.19433131506946,954.7162257446357,592.691538199763,717.0357644065851,884.7934102553654,139.83305163218182,1094.6491228070174,59.48197141401567,555.7597664017327,576.5731338575072,1132.3045608039945,2192.4582541124873,1458.7988394844615,3406.86916536234,524.8552631578948,2141.5267359831,2367.7682645561254,1937.8416714437897,1380.274890424117,1734.1192592016216,2528.319719788283,1829.1657140751513,493.05732954096817,850.0534801039405,987.5714974679238,775.9952093550592,788.0090288663438,1822.7026596904052,1196.1382007303312,2171.793156439584,1350.6910887149604,1553.4120204351266,1370.0779569488627,2254.349159722409,1803.5581498222764,935.9331334292132,646.1292062811954,3282.301139357949,100.0,549.1493506493507,790.0,2586.632291666667,1812.0652173913,80.45454545454545,784.0,605.2156862745098,41.26792358218777,116.28634931453185,1242.1052631578946,523.5933333333334,556.0735601493388,1656.25,760.9835089414831,3295.357886332815,214.6106369293112,435.4103225162344,191.5818050389358,259.6180181271725,201.65762511490794,215.16016213518654,123.49008153949077,209.0544444928929,536.8353089941687,195.2278728258038,849.3725395110532,322.59187163365453,206.13377075190593,308.20106806628667,241.252250879481,523.791265429923,305.6320517528449,165.32906735664292,340.9264914150863,242.5201260379432,355.1555313583346,346.1714469052512,203.6376619141772,179.1984717686742,453.865144062962,263.71141172928793,267.60869662745756,268.9687395894471,317.502687342183,682.9519255275604,332.6739951314341,206.61761550823363,263.6545447568605,69.07284033776095,66.66327589670996,76.08788556946409,64.58367269144779,65.5507056171723,142.0064521172048,283.7583635073915,298.41998565223196,195.49813250267067,179.8578369747006,203.40354870747188,331.3678441973721,382.59325559205945,289.0772341259283,621.305464296924,525.7926959369304,758.8216319723621,170.7638888888889,1461.2464579814496,254.8474068809036,615.3125,520.0,97.5,1015.1469299487972,1061.4379866302088,1421.4936821840695,2899.000611703278,914.8681480278397,1479.2992006299758,101.4,3426.801075494552,68.51346699020846,363.70793878949627,648.3247928730384,5672.87544968125,676.5397357262268,1876.4010452843784,723.0111765754867,230.82647878278138,568.7585636475862,702.6393715925378,695.6413043478261,626.8115942028985,508.4917753251732,184.89583333333334,233.62134432127567,293.91218153160054,152.80193236714976,1079.9130434782608,86.64075412102905,75.63,293.785138095238
2024-11-01,211.4477819579231,210.37158261833906,259.31043730281766,224.2930894425107,231.07486483612013,151.66666666666666,191.37707821946591,348.6363636363636,471.47520045857937,918.6607696679382,583.577478329785,696.0582174192059,859.876625641776,139.74968257604357,1094.6491228070174,57.91381220296389,557.2736552906216,575.3158472402297,1109.0140950569094,2164.9631477329194,1469.2298918073618,3397.1385314636045,521.8421052631579,2178.118820752519,2334.0677378849387,1907.2421457405599,1392.9608400610157,1629.724926431448,2453.480489620243,1804.6879424854383,489.5590544008813,905.1724780390122,1028.0564967825524,777.3668306553201,773.231618227922,1827.883637908296,1197.5255520160079,2112.6101464436115,1388.0418278686798,1569.8346132724205,1321.0421119966409,2266.6192188549567,1805.7339167120354,908.158329667813,619.9183900989872,3216.835824741396,101.11111111111111,549.5454545454545,790.0,2624.6666666666665,1806.6699604743083,80.45454545454545,784.0579710144929,606.2064270152505,40.35963796403331,132.5431927685524,1242.1052631578946,525.0,575.3167968567216,1588.75,700.9659684673549,3245.003724952951,187.30966523317852,386.9029069547009,177.62809059239987,246.39633598836846,166.91651404635792,214.31539973819127,103.29010560976079,215.90080105845982,508.9342699566698,210.4737089106362,861.1261306407182,389.9077696302505,235.73239745236216,424.13434567526616,297.8255793208207,664.0677962233343,359.69022604080897,160.35013272896887,392.69482306927216,244.82258517085805,406.0723928098158,374.1785131867837,228.4225015102148,185.93480043402764,606.9046792888165,323.3354196198533,330.0307088329425,383.4597189583421,384.20220765073935,831.5551396996531,423.66586951580734,258.85960806800193,323.44245295167593,69.802685549141,64.69728085503313,77.24680630695975,65.4140280989152,65.5536405026473,139.49530195066257,282.7922917386681,296.9404072943744,191.81924172890004,192.6209202707271,211.01026753247052,333.4016674146209,402.61644859187595,331.81875588711426,630.9755977112875,586.5910778883617,758.0352403591053,167.73333333333335,1467.710546696978,254.30169664755675,613.4514172332339,520.0,97.33333333333333,1000.2000745205142,1049.2903440305515,1424.3190848303766,2999.536868206855,914.4068669569497,1474.8010861267244,101.66666666666666,3469.8283809284026,75.86690491798932,359.15074392517033,658.9652298681887,5453.942594868075,752.111836102534,1789.7209219594351,702.5011238914793,201.18952608039552,562.2961568284193,675.904873603363,695.6413043478261,627.1590909090909,508.4347898336434,184.6,238.05208333333334,291.9832366371148,152.91062801932367,1076.0869565217392,86.52488847450199,74.35,292.009205
2024-12-01,228.24072350338133,228.23117938382782,262.3820050144821,231.12785742004513,246.64446251830105,151.66666666666666,189.6170976614219,348.6363636363636,466.01172553490653,883.7478282428488,588.5870814589998,700.9625920821759,864.7820574437087,140.06263695585477,1097.4561403508771,57.38074146127717,551.7577993570987,576.6932864399122,1137.4707459338672,2181.938417767246,1523.397435897436,3487.8453443000058,519.0191849135996,2133.365043824235,2372.683018352712,1952.6708854397139,1401.312617199404,1618.52269028632,2619.2721762544516,1885.439968771657,495.95508024190013,937.7804688136151,1035.9733596903077,832.8573137911878,806.9155513715178,1937.9870728397766,1179.461112846181,2095.996921503638,1423.2375465953037,1564.3795173836338,1341.7689072478875,2273.810083518045,1764.253380674377,936.4757269484321,602.1272167763454,3238.351046917299,101.11111111111111,550.0,790.0,2359.454408212561,1806.5217391304348,79.77272727272727,784.6248151657634,609.985036119711,38.71315947216704,148.51822878903423,1212.2368421052631,531.4583333333334,613.2640625563237,1465.8333333333333,807.2677503675271,3252.3234989361467,169.92723197263774,347.4816085442735,167.83392984122366,237.08820545027703,186.00086352196573,212.0409087632878,115.06940185371343,215.84252841287682,498.3000718084343,238.90212271372832,863.2806455536897,374.7764443541699,247.3208539311986,362.7282625769863,306.1186035094645,537.6047885446513,345.24830210156364,163.34335952608112,379.7408345177749,288.955446361326,398.2860623695556,421.30621859840886,210.576046481744,194.31586617499747,553.3842069979149,499.92345789370324,396.26266118142985,434.8984786216715,449.84274872807714,726.2601697196229,451.9316865359338,251.39631305534348,323.22742123229483,70.4388688136898,66.79224378612206,78.65406896521648,65.39083755890823,65.2699347617391,149.25961398624858,311.1915753961049,295.0359480081324,197.03883719681994,202.995603095352,218.00976171345326,336.3696372707558,433.9320223086435,339.6794584297628,648.526008039411,901.2582834669644,747.2935788709718,162.82666666666668,1465.2556881256025,257.2522127481711,604.736619715544,524.5454545454545,97.5,1026.0044732465658,1048.6434566053474,1431.3259754472583,2983.8662361340594,910.5726890215731,1464.1097218580328,101.88816968327676,3549.288364865335,68.83402349131566,371.98814465404666,662.5648506171328,5424.684486673742,823.4381273800365,1798.8117569953238,698.3289660588989,186.6843311045953,566.5060904899798,684.045876638072,678.4673913043479,626.7753623188405,499.5555555555556,183.19444444444446,234.60784313725492,287.46001868980323,152.6328502415459,1038.2608695652175,86.36566690765993,73.86,291.6805142857143
2025-01-01,229.2029726174392,241.13421777403812,253.9742047384614,231.68963878894635,255.10019926607166,158.0,182.5897773251646,350.0,480.55595415595906,820.0089829095468,590.6754019159906,685.9422883353204,830.9977733092137,140.159804957688,1092.612604520162,57.363823181442456,540.5750820112128,566.0731228833696,1088.16065131275,2201.666156484988,1508.2417318362118,3524.3778822507643,521.557734204793,2086.260406649402,2423.992761006338,1894.5628563505732,1386.654992186217,1648.6274310634485,2738.344640114792,1900.274225481482,532.7847766729636,983.2138984741802,1016.6851871643242,849.6215050337892,835.7112613109742,2116.2651045979014,1125.4393948702134,2070.877367628731,1424.9316465209856,1557.3515459432742,1465.3798207869145,2197.6413500203385,1728.876872320147,1175.644128292894,597.4542339611089,3019.675656934098,100.0,550.0,790.0,1050.0,1803.2608695652175,80.0,788.1107935816013,613.4806501547987,35.823550015659045,159.83949237867827,1250.0,523.75,625.299452627402,1486.9047619047617,731.029164080053,3045.015287022148,178.57938669210546,346.62155655175934,167.11549455271364,244.78604939310864,188.1715044964137,215.36862799318763,80.9848857499125,225.05132179121603,490.5848298230613,226.52644848887974,890.2013703972146,396.1115566984495,240.0160946674459,402.9046414560065,294.0384430862556,556.3770331656305,339.069533305114,186.50450272017096,401.2047449753754,240.39232822955665,407.0672340123137,346.94726670646475,205.28040425594787,188.15298491620496,508.1759538876259,387.279642884083,306.1844210351772,494.4074657266719,383.47885367812273,802.5364863336961,422.60934741619553,254.85334109394546,353.54276519709714,69.02185876137798,65.99027222971358,89.28339561663189,65.92957418251245,65.73020901793343,331.512081265485,305.97179835600434,282.18229178369455,197.56642659644032,208.03980369706898,220.92269956739642,341.29125393148416,507.05076830648954,285.06130655662264,659.8523035784707,1206.6247457917684,753.6259895728637,158.50756992020325,1467.9773270518608,250.11837399552888,595.1268362517424,520.0,100.0,889.9741097948063,1063.7458271751502,1392.4579201378056,3017.9335069406875,894.3646890912081,1451.322422434277,106.866409688233,3648.0297367804355,496.63751398344084,375.39978493066496,706.175029119785,5549.920272830858,1314.488390414956,1878.0548486896726,722.1977318964126,1783.9410313999283,591.5500531926292,727.0282219930655,696.5108695652174,630.4347826086956,497.5996242864114,185.0,400.0,287.99621972191574,154.6427467958474,1100.0,88.49478765632021,79.27,296.1796047619048
2025-02-01,222.44557580189792,223.7108478549288,248.03178825446972,229.28365898259602,246.73019797454893,149.93220767382874,180.03643331093247,350.0,478.8643946612898,795.5695024542734,580.7373413668631,692.3326040237964,805.4057872342287,140.2403425538754,1092.5438596491229,56.9217211776847,541.4436798626491,564.848933660328,1038.8392189218273,2234.750035636536,1612.3068880643275,3593.9288356143597,520.0749740037033,2037.3473361436397,2280.9946639735017,1869.4109968141759,1223.6781960684084,1647.5697753449979,2471.0864097625245,1748.2696218498459,496.13525374809825,928.7260894796292,958.7672985435727,812.4760322845425,810.5095196754037,2104.126980775871,1054.5036884671517,2083.4019013142806,1502.6430199549518,1524.8158945746648,1465.508705484118,2187.3341415088635,1755.1019808060732,1044.6567437011774,582.9050158734774,3049.6960227123077,102.10526315789474,550.0,790.0,1050.0,1800.0,80.0,790.1499195046958,613.2086916454122,34.10768137121079,181.80749571765747,1249.9945,525.0,639.7032770547723,1487.2043975030508,710.1696104286514,3060.1301292894896,169.5481902749464,340.63588546289503,166.38163380192006,242.71601132956877,205.351752316216,218.9079387403322,134.2041162235578,220.58814766199944,483.5290280883837,279.67480656422737,875.2501597405846,515.5066123475167,234.4832270513575,445.3778851940781,369.4806714762519,608.4895559998787,363.3862588881488,171.47718049033318,428.2052304262209,260.4084461944803,414.45189668520277,346.3761112890412,223.72865538914834,193.60287740581472,536.1222785514842,660.0205355312461,384.0337663921387,458.90147051974054,438.2674314278554,1107.086664205841,330.5989543601385,255.84416712661368,360.0903876499248,69.60155107762334,67.73327993611069,91.04198433880251,65.57802401504544,65.20588780691061,324.5541595530424,292.1762907022688,278.14805383259335,200.4469949488009,202.1070830233006,243.5816616051874,338.5194204072589,485.3307427377864,276.5173628008638,645.6122711027416,1498.3404402551992,749.0089234895897,154.85333912100535,1457.8766060478983,243.53498774804666,600.0134189030722,520.0,100.0,892.7138962193081,1054.054494306038,1373.8362558625138,3051.226266726721,861.6138155098575,1429.2675574025175,127.46320277498117,3646.8238952799475,382.5074889837513,369.99101872180626,673.568773158107,5449.131757231889,1395.4074314664508,1818.2860273877195,692.9074994912138,1720.0473451370563,586.3848288220445,716.1618654761281,696.5108695652174,631.5217391304348,495.60914819913637,185.0,400.0,283.1305043550195,155.6400966183575,1098.9519499985886,88.11780118878148,75.44,296.8034352941176
2025-03-01,218.19233390029768,220.15124333550534,248.93738329565988,226.66221793459425,252.7025398079744,150.35087719298244,177.84462475806387,350.0,485.0,804.4491347922476,578.0803180073992,703.943229586268,785.8405152224341,139.47626301824644,1094.6491228070176,56.92442235195543,569.4285203136484,568.0380014271741,1065.575210586773,2274.5806545086566,1536.3491355694111,3582.756667186642,519.257980539651,2000.7949300059067,2225.687534165252,1800.4023811270365,1262.4465958961966,1601.081482997984,2347.550346712149,1692.869431705622,508.09176093238597,984.2053266099583,940.0157356076933,852.1591473053836,815.8010681843443,2137.997333027606,1044.253273536919,2113.3033702057255,1495.1058987933725,1516.7009016345003,1473.218102024703,2196.2436842348575,1755.9298599890571,1002.5792015531317,602.1243431455047,3040.078715661719,101.05263157894737,549.1511387163562,790.8963159261726,1055.3544207910713,1744.6109966101458,79.84848484848486,791.7529502315261,612.6429308565531,31.638102441614038,181.21101273367393,1250.0,525.0,650.0240446069014,1494.7916666666665,694.7203563150165,3097.2510472684958,170.76970692638173,331.4025617662038,168.49881142554995,242.28395572907482,266.5163059996337,222.08729635189636,188.01642728702382,228.35904473284572,498.7895738359924,249.63000321266475,874.231737000755,348.72968199434587,243.77694874158533,399.8391948124089,362.702349017969,539.2639574926548,346.56700451796814,178.2195037437468,432.65478549915315,253.26655607489027,363.83007779843024,347.3372676160622,235.63784261974024,199.7545049869952,524.108547559744,801.0346740543735,402.82384252765195,353.8759378265189,399.37909958420255,930.5775935485049,336.0239714109112,253.9501174253201,336.7625782791293,70.16585098558468,68.5262872507762,92.33729238918428,65.97486718725588,66.88257404023473,342.7510142230755,291.17316448276324,289.14450051977406,202.58797511387036,213.98145026579098,239.16261981597597,332.24367116759663,395.93825809541306,251.91500369372352,638.0551629735212,1242.4901483100828,762.5791887900598,154.0,1457.053934635972,238.28729741209958,599.9889869259201,520.0090164976742,100.0,914.6597071235868,1075.4641157658054,1335.8510559920842,3061.622646162046,838.7690798491778,1425.7764459939838,164.4,3643.908898592303,358.1920529268051,363.6677787470225,679.7304215038525,5403.2376616646325,1300.4220850575066,1791.4289748698825,696.8446687347284,1800.0324416220199,580.5008250903171,707.7960856853401,696.5108695652174,631.5217391304348,495.6437535444817,185.0,400.0,280.8669777783072,156.6044755856798,1098.7666080951933,88.23083758213475,72.73,295.9090315789473
2025-04-01,218.56953638444,218.74515849474827,250.0548177012204,226.64915546959767,244.63701075107662,150.37037037037035,178.26796575559143,350.0,498.94217856123095,839.4097160834156,566.9245416167721,665.145633977472,785.2165986510673,139.42240352992482,1092.5438596491229,57.524271483900286,573.907686980315,564.3837297543703,1112.5877244266626,2306.4061955922016,1447.3710032155989,3644.0027737114424,519.3903664936357,2143.9129050711335,2326.092437899252,1853.2554423961312,1391.6728757971584,1668.538746150051,2462.0863583678793,1703.8733672096962,546.3997214256892,1015.8857619393739,980.0785777116024,842.5602783004135,837.7184222756908,2209.143873503394,1023.1452810570718,2181.8081838645835,1600.4426436362955,1498.9058548185485,1457.861423863235,2239.342936680234,1837.8814883396083,1054.627928715147,553.1066424311956,2938.2368390653064,100.0,544.2770092226615,790.1638769472955,1080.0941264808532,1642.4865426154615,76.7383356726689,791.6421544058204,624.6786492374727,33.6534409394243,175.70631419712507,1250.0,525.0,658.1214350367717,1504.1666666666665,712.2824724272047,2991.5215310562157,170.35903166748864,345.6874601826857,168.84004580624904,248.70165142520273,197.86684432436425,221.8393107622065,171.538508722767,225.49131775485264,488.9669122537762,205.26730261149314,882.5257075020498,523.6305939971796,267.64693540759174,403.4330723022847,382.4206996323987,561.22058886877,364.5226893688275,161.7525777772601,431.3370613678744,243.21450704500282,409.1557358642287,388.57415588745727,227.7613967988621,189.6063047877376,611.5399132199723,677.5711046840524,435.9240097629092,449.28738683905067,394.75487438654386,912.7982585661459,519.170763180353,263.5537892584493,353.1864318122187,68.80133918480557,68.0299872208702,88.63810103620018,66.62922408401522,66.03621826470334,349.73728208471766,282.21539566207014,304.17628845159163,200.86283325489836,231.4251340278975,249.84272111328798,335.12684461482905,373.4948051980546,232.84779764752597,643.5638698946959,958.8281637759986,760.5337798940803,151.5625,1456.9256794645426,235.6553480931012,597.0022441269837,520.0,100.0,913.5428069564387,1056.6325189199285,1360.5060038819838,3111.0668442236715,808.6651879334864,1444.3311152090741,174.5,3751.071893676073,360.1966379064232,380.70261077402114,680.3935815538192,5582.162869465882,1449.5454972028429,1720.424433353483,718.5378789036405,1987.510285054767,575.7280187179153,699.536487414527,696.5108695652174,630.3478260869565,499.3126371896769,185.0,399.84848484848493,281.2710387006949,157.29770531400968,1101.5973036099292,87.59195063559353,68.13,298.531194736842
2025-05-01,218.36965110310905,220.55293072236714,250.4051600590245,226.93578676015176,243.3633799271804,150.0,177.65302600568964,350.0,481.4128266858655,857.3542283502718,558.5242577305003,679.5057116373407,791.4087971107201,137.24907019659148,1092.5438596491229,57.41844937373392,574.532686980315,559.3991714646037,1114.6708108902694,2303.9197692438097,1510.9664765921327,3618.973270084469,519.9884831592136,2333.2204637831574,2470.2437310982555,2009.097711653744,1612.247766737417,1770.1729398969508,2648.903803854231,1788.3195989217302,599.1898538303968,1132.5731130842107,1128.5037796064996,908.212871325809,869.7596691315654,2197.831253842847,997.4325923634647,2237.972302603006,1625.9665142069994,1607.1662719614176,1527.3208205198673,2316.32989970507,1894.9908935518695,1038.9366946806927,542.377617206498,2965.8823389738286,100.0,513.6904761904761,790.0,1095.8910154173311,1551.086956521739,73.57142857142857,791.6521739130435,631.0552115583075,30.577174615111762,174.91313550066025,1248.2247660349751,525.0,699.4943699691368,1486.6292886597346,666.4031736638459,3170.104229008406,155.7081259201156,327.05391192261436,158.92287888626245,240.88591512959687,168.6182703406069,227.26088494553358,159.09557664176364,230.1426332688481,444.93022050299027,174.70325378114617,874.797237055091,546.1072517286658,284.84779447527404,417.54620454464015,383.5706995938427,642.8543364816521,404.66787419419944,164.61486366553567,468.23356480191774,251.7459612471148,444.64265881320773,424.9290136598469,227.2436345298677,190.81264916622524,690.2143809093036,844.0577077368126,559.4470885382755,620.0927877464529,427.680893025956,1036.6782571056467,837.9010474155584,288.11774609828916,380.8046141418873,69.42942663137985,68.84941079903919,90.25067536293842,66.87990722186804,66.3261791429927,360.10555565425994,288.1597627001455,296.0147300762391,208.16639570658117,232.45717069075894,270.03663723835973,329.10967745580734,387.19107457654,221.60698498165073,630.3834880345148,675.1421618678487,764.2163162919533,150.2777777777778,1464.1693586567333,233.52922490517855,595.7291666666666,520.0,100.0,888.287087263211,1065.8032391671798,1331.5257417217301,3127.6910026387177,777.0844691731093,1415.1984750500324,227.4511765742629,3713.1030373769768,476.2942549287624,390.0538970446994,703.9608571845782,5394.3704921956805,1468.3102011179765,1726.0930754986884,690.9837593616451,2434.256549498815,577.3808024438001,700.9803575547983,696.4479166666666,630.4347826086956,504.73861650465983,185.0,400.0,309.9716212624378,158.87077294685992,1079.5454545454545,81.68506740483046,64.45,299.4141894736842
2025-06-01,217.8516225764671,217.8233716174926,248.63201582613465,226.99309791505735,239.92983942030133,150.0,180.04076569587545,350.0,470.82524346850033,824.0601505304514,537.1102697335823,680.9604294467952,789.297884814878,135.824215641599,1092.5438596491229,57.466095833521756,535.5475934901576,545.4292146249657,1154.340436416411,2323.733467725407,1804.603744402873,3749.332561334574,520.0,2390.7182645181065,2571.633281474573,2128.5323899000437,1667.7873275598438,1854.2301995922062,2955.301123876931,2008.2428637364462,702.6764507323555,1162.3299903730124,1282.3580843648404,1025.2054933468894,891.6643660165086,2131.6991825481728,1173.1743693115363,2320.4002199085407,1706.9481033639208,1892.1719574142764,1593.5981449760138,2438.824490777861,1903.9566303034458,1120.203053414991,541.9704422064854,3007.43032923576,100.0,509.375,790.0,1103.1262626262626,1529.3478260869565,70.26315789473684,792.0,626.7575346391777,35.25146055777603,174.6006441838955,1240.0369197550833,526.0416666666666,706.2025809466197,1481.111111111111,676.5591590060191,3352.5363182034334,145.15163934898243,316.32419125408074,146.52807703553896,222.00639050931298,156.22725704550473,233.42690290170364,139.2804000415371,226.76727946886126,435.3824813330997,170.07590078005992,873.4611888792745,488.17349592587277,252.75833422367302,376.4368066948361,327.3544456283054,640.4139296038926,361.5708935235502,175.59307281751234,389.36118996666846,228.48033553748118,420.52882236959204,445.3601135158778,203.2626599921207,187.60046235576968,645.1461755289749,743.1624497814097,524.8871996145987,557.9628231513437,459.1697639454449,893.2415659505292,634.5776067380787,273.8005686982569,372.2169442342404,68.23976711040821,68.39452313362563,90.38992336235732,67.11424181000845,65.04854307963818,341.59662636516725,288.58255374090237,291.25436627152436,200.47470740885493,202.64414694352206,271.7493261128766,322.8632434237108,402.2392551301769,220.14145216091043,605.5027056990067,899.872045841913,770.9385671178936,147.24373291432647,1461.7322484760662,233.16441332161045,598.5552467912323,528.2858944674925,100.0,896.1549486749246,1113.4058341603406,1341.7858468109355,3083.1682440022246,735.161142729159,1435.8329141019408,233.297559613454,3580.0474689072867,574.923021475763,392.6652815051672,692.325724087736,5373.953878640157,1348.5970320932327,1688.2915814199828,686.1503133898817,2505.9216093817067,557.8754297102175,683.0660649663846,697.7536231884058,625.0,508.1663693559292,185.0,400.0,305.77580836531484,164.16698079057645,1100.0,76.25,71.44,299.9013699999999
2025-07-01,215.86491550151655,214.55268184851178,248.31031649033173,226.49957325349646,239.00952353909324,150.0,179.74047909501368,350.0,452.52330315858154,795.3028164573914,525.1035928627047,679.4430089982854,820.1468829570242,136.55703740908902,1092.5438596491229,57.622681464974136,531.166192990923,530.9636589874938,1198.3503935010135,2358.554004223947,1868.7086127994082,3673.6653217959347,519.8472084139455,2335.1636082869254,2595.6750650187164,2116.308199208202,1515.1235396896877,1969.9430927362544,3011.1074728207955,1955.2347081148569,676.9420223653763,1168.1519274561874,1272.7832228625457,975.8532527944848,831.376420463861,2054.4784376311877,1295.3289100110778,2386.682554405038,1795.078353488505,2011.2585667824621,1665.32608651304,2541.582876944439,2001.0385009015486,1157.8066433771169,552.1077842290196,2990.2409633336074,100.0,503.996074879227,790.0,1121.8806226815548,1500.0,70.0,792.0,619.708765859285,33.68161609292117,152.8262526741645,1228.4395968835138,529.6875,695.68134351998,1473.2142857142858,653.8917541344573,3460.244557056512,144.53656430389555,317.94649849831495,142.8867783649671,214.62687238535526,181.12840319710415,232.63924232347026,156.06822819987565,240.41673034197547,435.4677082017172,176.56194626693753,859.5028619693455,428.85983583618423,233.44636276918536,350.7989065858315,281.24852580228253,551.9161246875882,316.2002507349956,179.33238184950247,313.27698521524616,220.2704019956199,413.0636411878596,432.99979427243056,192.52937749710185,180.65359807333215,617.6429283630024,530.7380811874234,437.22845073951174,386.42165865871254,388.2008629596177,732.3031369774617,314.0649421146998,240.6806713857346,289.40505613233006,69.12657414030781,67.56232455253262,88.51701763256548,67.22203993732454,65.38684210054642,335.9288976943566,293.20610779304485,283.38700591768065,197.91481584488702,176.3426184414919,242.2578384742527,334.24320480697793,442.52295380941734,72.00322460363779,578.5499918516701,795.6383734500195,774.0978182579008,143.37734127447825,1455.4715600841512,231.77389286746944,597.7918466491863,537.1848013111978,100.0,888.5748203126058,1166.69220877626,1325.3192990659327,3210.9199183440596,752.8205172231364,1399.9972616358853,214.87825987073927,3541.3103982123102,518.996417735457,393.00437806366585,691.1015689312801,5590.651565646212,1229.3110140068213,1641.6441564207023,684.2160135177818,2535.153738734102,556.1640247303727,669.3816137251929,703.4880976733755,625.0,507.481712125127,185.0,400.0,299.2235776645666,167.09996751979818,1100.0,75.41666666666667,71.04,301.1217318181819
2025-08-01,211.73137398309254,208.4116896139343,250.92743870951753,224.01611071103343,237.18869268453872,150.52631578947367,178.86994375538802,350.0,437.7545855358991,828.9521633788457,505.81872157986044,666.0528271867129,882.7411766412038,136.29947910241373,1092.5438596491229,56.74776512862618,540.3526415932525,517.9013230752985,1246.343643971662,2378.8112477276563,1948.8777604711938,3731.373963567273,520.4761904761905,2315.9634567031344,2552.2044580628435,2052.606228834484,1485.1790963472056,1802.119448316695,2962.809661121767,1902.6983410234654,625.2569949290378,1043.3178728348878,1165.4805332596436,924.5858722788289,835.9705105594857,2187.9080921456725,1344.4322792128137,2366.2587614019426,1697.2388521901805,2046.2682073734525,1583.5283945613987,2595.8817769137436,2047.6263359438963,1112.8502078038778,552.2914896521502,2958.9280892194843,100.0,500.70954106280203,790.0,1173.1908212560386,1500.0,70.0,792.0,599.4324045407636,33.58935499418105,154.07375390149238,1203.6710681429906,538.3333333333334,684.0349951773853,1481.4285714285713,569.9131765595176,3484.298930410802,145.87201314091237,316.7108428515559,140.30198923226612,209.16379960730512,163.62168847173717,230.9025467812378,161.50901850847833,235.0406025538746,398.3295407694635,157.72066511775134,847.6626750150531,376.5832238373078,190.9912591412872,329.0937526021494,248.55220952385014,440.97040816518233,293.48314805117775,172.58365774257356,308.8276133771321,210.8043001608804,386.5981971164652,449.01919340751175,180.65381992085378,181.3843506395218,680.3070534409406,548.2981708990918,368.51070034693856,277.190385243572,325.2153259263178,615.5802919645251,229.9917142042542,215.57644434409977,261.05636905647066,66.47610608650905,66.11917270090872,85.45410777790536,68.46578944199102,65.05359735503896,295.64548039328594,291.26880238011586,285.9053505467146,193.57998612283313,182.80119630852587,246.90985829201725,333.3435578614376,370.1761104737579,149.8870228170801,567.4361903299994,554.7829766432982,765.5858536469174,141.98048225499383,1466.5436706746782,228.92736004383033,599.6527777777777,542.6086956521739,100.0,947.929148426591,1216.445048945409,1315.1384264172366,3210.3554261550507,750.1046888771074,1390.0673893745409,190.0152704531206,3664.7124116077525,510.61594158923384,414.30978594164065,699.215884317249,5545.690781587184,1178.3553338351503,1608.4922784761266,659.8250620400418,2216.6069924996577,604.3404601373235,672.1063449692228,712.1523484416615,625.0,510.0,185.0,400.90909090909093,293.51567886701406,172.02898550724638,1082.5,73.47222222222223,67.87,301.489115
2025-09-01,209.34501742453222,204.2584816303375,254.16734534155322,223.2224237515577,235.2837561432929,150.96491228070172,179.80954069124726,352.51378811432045,444.4166666666667,860.7537597880992,504.48704662600755,674.1429287947708,934.0538051079085,135.86442213828988,1092.5438596491229,57.05192291879026,537.9337368296777,517.8177697203577,1254.7956973462433,2405.713289018494,1990.6354249919345,3778.5279362332403,521.8003341687553,2350.434604725657,2561.0651784309575,2002.8008287009598,1535.1047367019,1773.991762870282,3064.1192290482286,1911.880932229182,583.6570449271969,1067.8329776288122,1130.9074324078042,937.9461453182079,830.1116146081954,2173.9607401053163,1343.826362923171,2362.2381831096836,1685.1631895289124,1992.740852715532,1500.2356424560726,2578.6792551064195,2106.730215116435,1036.685901760343,569.9325342500254,2967.2505854894325,100.0,500.70954106280203,790.0,1193.916264090177,1500.0,70.0,797.9130434782609,616.7131062951496,32.40349690075085,156.10096469215964,1209.5851678859249,546.3333333333333,688.5931822346454,1486.0,568.7270025330314,3535.0124367692397,159.17926175597327,332.3030766384811,148.59385591719814,218.0591718842876,169.6502922074444,233.01144533749996,175.07553420353463,231.95187649123673,414.84397920165895,157.59363142829162,843.4813154226612,385.3007558292432,165.51040239729755,342.75252996540723,268.04120637408124,460.5789938465397,306.47247492750824,165.89219405488691,338.715866977449,198.66531366853317,383.2556333653006,419.94641352580805,196.85220285702582,190.3163151382599,532.812733313547,430.41764942363056,337.9578756592232,255.76089567706575,302.05885282207737,511.02077448747133,256.8722948461786,209.98194352836524,248.2012709945801,64.98615429369106,65.88429202649894,86.62018594935981,68.87112775812803,63.66666082091684,299.71406610348095,292.8200009086272,306.5292775480353,196.49906441516214,183.85673416065563,246.3014144421616,325.17826039872597,354.32790800417274,172.86969826784565,561.5483953816712,481.2199479816445,782.9818485179611,140.4,1468.3641256365229,231.05169973443674,599.7916666666666,544.7826086956521,100.0,1050.9841998567995,1226.3966357357344,1300.5804281815656,3153.4622690195374,770.5556107371578,1388.0142136923794,180.6976587133266,3645.0088599100145,1041.6513500622536,404.52843403971394,721.951898885411,5385.80888819469,1131.5149942376977,1604.3106535728525,653.0073747896008,1976.3380492790009,548.031790823319,667.1185426206354,711.7130434782608,625.0,510.0,185.0,406.89053006152045,294.02784759376743,173.33333333333334,1060.8333333333335,73.2638888888889,67.99,302.1955095238095
